1,154-08-29,BURGER KING,,LARGE DRINK,1.00,1.49,FAST FOOD,,,a,2016-10-08 07:16:04
2,154-08-29,BURGER KING,,LARGE DRINK,1.00,1.00,FAST FOOD,,,a,2016-10-08 07:16:04
3,154-08-29,BURGER KING,,LARGE DRINK,1.00,2.49,FAST FOOD,,,a,2016-10-08 07:16:04
4,154-08-29,BURGER KING,,SALES TAX,1.00,0.14,SALES TAX,,,a,2016-10-08 07:16:05
5,153-09-02,LARGO MOBIL,,CIGS,1.00,5.15,CIGS,,,a,2016-10-08 13:06:52
6,153-09-02,LARGO MOBIL,,SALES TAX,1.00,0.36,SALES TAX,,,a,2016-10-08 13:06:52
7,152-09-08,BURGER KING,04190007666,SALES TAX,1.00,1.59,SALES TAX,,,a,2016-10-08 07:16:05
8,151-09-06,BURGER KING,,FAST FOOD,1.00,1.49,FAST FOOD,,,a,2016-10-08 07:16:05
9,151-09-06,BURGER KING,,FAST FOOD,1.00,1.00,FAST FOOD,,,a,2016-10-08 07:16:05
10,151-09-06,BURGER KING,,FAST FOOD,1.00,2.29,FAST FOOD,,,a,2016-10-08 07:16:05
11,151-09-06,BURGER KING,,SALES TAX,1.00,0.34,SALES TAX,,,a,2016-10-08 07:16:05
12,150-09-06,WALMART,7585603114,SALES TAX,1.00,2.98,SALES TAX,,,a,2016-10-08 13:11:45
13,150-09-06,WALMART,,SALES TAX,1.00,3.88,SALES TAX,,,a,2016-10-08 13:11:45
14,150-09-06,WALMART,,SALES TAX,1.00,2.88,SALES TAX,,,a,2016-10-08 13:11:45
15,150-09-06,WALMART,,SALES TAX,1.00,1.78,SALES TAX,,,a,2016-10-08 13:11:45
16,148-09-09,BURGER KING,,LARGE DRINK,1.00,1.00,DRINKS,,,a,2016-10-08 07:16:07
17,148-09-09,BURGER KING,,LARGE DRINK,1.00,0.07,DRINKS,,,a,2016-10-08 07:16:07
18,146-09-03,BURGER KING,,LARGE DRINK,1.00,1000.00,DRINKS,,,a,2016-10-08 07:16:07
19,145-09-08,BURGER KING,,LARGE DRINK,1.00,10.00,DRINKS,,,a,2016-10-08 07:16:07
20,144-09-27,WALGREENS,02820017706,MARL MNTH GLD,1.00,4.77,CIGS,,,a,2016-10-08 07:16:07
21,144-09-27,BURGER KING,04300004648,LARGE DRINK,1.00,5.99,DRINKS,,,a,2016-10-08 07:16:07
22,144-09-27,BURGER KING,07225001137,LARGE DRINK,1.00,3.29,DRINKS,,,a,2016-10-08 07:16:07
23,144-09-27,BURGER KING,,LARGE DRINK,1.00,0.33,DRINKS,,,a,2016-10-08 07:16:07
24,143-09-12,BURGER KING,,LARGE DRINK,1.00,5.00,DRINKS,,,a,2016-10-08 07:16:07
25,142-09-02,BURGER KING,,LARGE DRINK,1.00,1.49,DRINKS,,,a,2016-10-08 07:16:07
26,142-09-02,BURGER KING,,LARGE DRINK,1.00,1.00,DRINKS,,,a,2016-10-08 07:16:07
27,142-09-02,BURGER KING,,LARGE DRINK,1.00,2.29,DRINKS,,,a,2016-10-08 07:16:07
28,142-09-02,TACO BELL,,QUESARITO BOX,1.00,0.34,FAST FOOD,,,a,2016-10-08 07:16:08
29,141-09-17,WALGREENS,02820000422,MARL SP BLND GLD,2.00,5.17,CIGS,,,a,2016-10-08 07:16:08
30,141-09-17,TACO BELL,,QUESARITO BOX,1.00,-2.50,FAST FOOD,,,a,2016-10-08 07:16:08
31,141-09-17,TACO BELL,,QUESARITO BOX,1.00,0.72,FAST FOOD,,,a,2016-10-08 07:16:08
32,140-09-22,TACO BELL,04100000287,QUESARITO BOX,1.00,2.99,FAST FOOD,,,a,2016-10-08 07:16:08
33,140-09-22,WALGREENS,02820017364,MARL 27,2.00,4.72,CIGS,,,a,2016-10-08 07:16:08
34,140-09-22,TACO BELL,04190007661,QUESARITO BOX,1.00,2.69,FAST FOOD,,,a,2016-10-08 07:16:08
35,140-09-22,TACO BELL,07225001137,QUESARITO BOX,1.00,3.29,FAST FOOD,,,a,2016-10-08 07:16:08
36,140-09-22,TACO BELL,04902283315,QUESARITO BOX,1.00,1.99,FAST FOOD,,,a,2016-10-08 07:16:08
37,140-09-22,TACO BELL,,QUESARITO BOX,1.00,0.66,FAST FOOD,,,a,2016-10-08 07:16:08
38,139-09-19,TACO BELL,,QUESARITO BOX,1.00,5.00,FAST FOOD,,,a,2016-10-08 07:16:08
39,139-09-19,WALGREENS,,KICKSTART BLUEBERRY,1.00,0.35,DRINKS,,,a,2016-10-08 07:16:09
40,137-09-22,WALGREENS,,KICKSTART BLUEBERRY,1.00,6.49,DRINKS,,,a,2016-10-08 07:16:09
41,137-09-22,WALGREENS,,KICKSTART BLUEBERRY,1.00,0.46,DRINKS,,,a,2016-10-08 07:16:09
42,136-09-07,WALGREENS,04902283315,KICKSTART BLUEBERRY,1.00,1.99,DRINKS,,,a,2016-10-08 07:16:09
43,135-09-03,WALGREENS,,KICKSTART BLUEBERRY,1.00,6.58,DRINKS,,,a,2016-10-08 07:16:09
44,135-09-03,WALGREENS,,KICKSTART BLUEBERRY,1.00,1.79,DRINKS,,,a,2016-10-08 07:16:09
45,135-09-03,WALGREENS,,KICKSTART BLUEBERRY,1.00,0.59,DRINKS,,,a,2016-10-08 07:16:09
46,134-09-14,WALGREENS,04902283315,KICKSTART BLUEBERRY,1.00,1.99,DRINKS,,,a,2016-10-08 07:16:09
47,133-09-19,WALGREENS,02720000175,PALL MALL ORANGE,2.00,4.58,CIGS,,,a,2016-10-08 07:16:09
48,133-09-19,WALGREENS,,KICKSTART BLUEBERRY,1.00,0.64,DRINKS,,,a,2016-10-08 07:16:09
49,132-09-22,WALGREENS,1001,KICKSTART BLUEBERRY,1.00,70.00,DRINKS,,,a,2016-10-08 07:16:09
50,127-08-29,WALGREENS,01200015120,KICKSTART BLUEBERRY,1.00,2.50,DRINKS,,,a,2016-10-08 07:16:09
51,130-09-10,SAV-A-LOT,,CHEDDAR JACK CHEESE BAG,1.00,3.99,GROCERIES,,,a,2016-10-08 07:16:11
52,130-09-10,SAV-A-LOT,,CHEDDAR JACK CHEESE BAG,1.00,1.79,GROCERIES,,,a,2016-10-08 07:16:11
53,130-09-10,SAV-A-LOT,,CHEDDAR JACK CHEESE BAG,1.00,1.99,GROCERIES,,,a,2016-10-08 07:16:11
54,130-09-10,SAV-A-LOT,,CHEDDAR JACK CHEESE BAG,1.00,1.58,GROCERIES,,,a,2016-10-08 07:16:11
55,130-09-10,SAV-A-LOT,,CHEDDAR JACK CHEESE BAG,1.00,1.79,GROCERIES,12.2OZ,,a,2016-10-08 07:16:11
56,130-09-10,SAV-A-LOT,,CHEDDAR JACK CHEESE BAG,1.00,1.58,GROCERIES,,,a,2016-10-08 07:16:11
57,130-09-10,SAV-A-LOT,,CHEDDAR JACK CHEESE BAG,1.00,0.99,GROCERIES,,,a,2016-10-08 07:16:11
58,130-09-10,SAV-A-LOT,,CHEDDAR JACK CHEESE BAG,1.00,1.29,GROCERIES,,,a,2016-10-08 07:16:11
59,130-09-10,SAV-A-LOT,,CHEDDAR JACK CHEESE BAG,1.00,1.88,GROCERIES,,,a,2016-10-08 07:16:11
60,130-09-10,SAV-A-LOT,,CHEDDAR JACK CHEESE BAG,1.00,1.49,GROCERIES,,,a,2016-10-08 07:16:11
61,130-09-10,SAV-A-LOT,,CHEDDAR JACK CHEESE BAG,1.00,1.58,GROCERIES,,,a,2016-10-08 07:16:11
62,130-09-10,SAV-A-LOT,,CHEDDAR JACK CHEESE BAG,1.00,2.99,GROCERIES,,,a,2016-10-08 07:16:11
63,130-09-10,SAV-A-LOT,,FRENCH STYLE GREEN BEANS,1.00,1.99,GROCERIES,,,a,2016-10-08 07:16:12
64,130-09-10,SAV-A-LOT,,FRENCH STYLE GREEN BEANS,1.00,1.79,GROCERIES,12.4OZ,,a,2016-10-08 07:16:12
65,130-09-10,SAV-A-LOT,,FRENCH STYLE GREEN BEANS,1.00,1.98,GROCERIES,,,a,2016-10-08 07:16:12
66,130-09-10,SAV-A-LOT,,FRENCH STYLE GREEN BEANS,1.00,5.00,GROCERIES,21.4OZ,,a,2016-10-08 07:16:12
67,130-09-10,SAV-A-LOT,,FRENCH STYLE GREEN BEANS,1.00,0.85,GROCERIES,,,a,2016-10-08 07:16:12
68,130-09-10,SAV-A-LOT,,FRENCH STYLE GREEN BEANS,1.00,2.99,GROCERIES,21.4OZ,8PK,a,2016-10-08 07:16:12
69,130-09-10,SAV-A-LOT,,FRENCH STYLE GREEN BEANS,1.00,0.99,GROCERIES,5.2OZ,1PK,a,2016-10-08 07:16:12
70,130-09-10,SAV-A-LOT,,FRENCH STYLE GREEN BEANS,1.00,1.00,GROCERIES,8OZ,6PK,a,2016-10-08 07:16:12
71,130-09-10,SAV-A-LOT,,FRENCH STYLE GREEN BEANS,1.00,0.99,GROCERIES,10.25OZ,,a,2016-10-08 07:16:12
72,130-09-10,SAV-A-LOT,,FRENCH STYLE GREEN BEANS,1.00,0.99,GROCERIES,17.5OZ,10PK,a,2016-10-08 07:16:12
73,130-09-10,SAV-A-LOT,,FRENCH STYLE GREEN BEANS,1.00,0.98,GROCERIES,14.5OZ,,a,2016-10-08 07:16:12
74,130-09-10,SAV-A-LOT,,TATOR TOTS,1.00,1.79,GROCERIES,24OZ,,a,2016-10-08 07:16:14
75,130-09-10,SAV-A-LOT,,TATOR TOTS,1.00,1.79,GROCERIES,15OZ,,a,2016-10-08 07:16:14
76,130-09-10,SAV-A-LOT,,TATOR TOTS,1.00,3.49,GROCERIES,16OZ,,a,2016-10-08 07:16:14
77,130-09-10,SAV-A-LOT,,TATOR TOTS,1.00,0.79,GROCERIES,,,a,2016-10-08 07:16:14
78,130-09-10,SAV-A-LOT,,TATOR TOTS,1.00,4.49,GROCERIES,,,a,2016-10-08 07:16:14
79,130-09-10,SAV-A-LOT,,MAC AND CHEESE,1.00,1.49,GROCERIES,4OZ,,a,2016-10-08 13:38:04
80,130-09-10,SAV-A-LOT,,MAC AND CHEESE,1.00,1.49,GROCERIES,4OZ,,a,2016-10-08 13:38:04
81,130-09-10,SAV-A-LOT,,TATOR TOTS,1.00,0.99,GROCERIES,,,a,2016-10-08 07:16:14
82,130-09-10,SAV-A-LOT,,TATOR TOTS,1.00,0.99,GROCERIES,,,a,2016-10-08 07:16:14
83,130-09-10,SAV-A-LOT,,TATOR TOTS,1.00,1.79,GROCERIES,,,a,2016-10-08 07:16:14
84,130-09-10,SAV-A-LOT,,TATOR TOTS,1.00,4.49,GROCERIES,18OZ,,a,2016-10-08 07:16:14
85,130-09-10,BANK OF AMERICA,,CASH TO CARD,1.00,1.29,TRANSFER,,,a,2016-10-08 07:16:15
86,130-09-10,BANK OF AMERICA,,CASH TO CARD,1.00,1.47,TRANSFER,15.25OZ,,a,2016-10-08 07:16:15
88,130-09-10,BANK OF AMERICA,,CASH TO CARD,1.00,-0.63,TRANSFER,,,a,2016-10-08 07:16:15
89,130-09-10,BANK OF AMERICA,,CASH TO CARD,1.00,-0.63,TRANSFER,,,a,2016-10-08 07:16:15
90,130-09-10,BANK OF AMERICA,,CASH TO CARD,1.00,0.63,TRANSFER,,,a,2016-10-08 07:16:15
91,131-09-09,BANK OF AMERICA,61300872071,CASH TO CARD,1.00,0.99,TRANSFER,,,a,2016-10-08 07:16:15
92,131-09-09,BANK OF AMERICA,1002,CASH TO CARD,1.00,5.00,TRANSFER,,,a,2016-10-08 07:16:15
93,131-09-09,BANK OF AMERICA,,CASH TO CARD,1.00,0.01,TRANSFER,,,a,2016-10-08 07:16:15
96,155-09-22,BANK OF AMERICA,1001,CASH TO CARD,1.00,-70.00,TRANSFER,,,a,2016-10-08 07:16:15
97,121-09-12,WALGREENS,61300872071,SALES TAX,1.00,1.00,SALES TAX,,,a,2016-10-08 07:16:17
98,121-09-12,WALGREENS,02720000175,PALL MALL ORANGE,1.00,4.63,CIGS,,,a,2016-10-08 07:16:17
100,121-09-12,WALGREENS,,SALES TAX,1.00,0.39,SALES TAX,,,a,2016-10-08 07:16:17
101,120-09-03,WALGREENS,01200000746,DRINKS,1.00,1.99,HOUSE DRINKS,2L,,a,2016-10-08 07:16:17
102,120-09-03,WALGREENS,01200000134,DIET DEW,1.00,1.89,DRINKS,20OZ,,a,2016-10-08 07:16:17
103,120-09-03,WALGREENS,,SALES TAX,1.00,0.27,SALES TAX,,,a,2016-10-08 07:16:17
104,119-09-07,WALGREENS,02820017364,MARL 27,1.00,4.77,CIGS,,,a,2016-10-08 07:16:17
105,119-09-07,WALGREENS,03400000152,SALES TAX,1.00,1.19,SALES TAX,,,a,2016-10-08 07:16:17
106,119-09-07,WALGREENS,61300872071,SALES TAX,1.00,0.99,SALES TAX,,,a,2016-10-08 07:16:17
107,119-09-07,WALGREENS,,SALES TAX,1.00,0.49,SALES TAX,,,a,2016-10-08 07:16:17
108,117-09-10,WAL-GREENS,01780017509,DOG FOOD,1.00,5.99,PET,4LB,,a,2016-10-08 07:16:18
109,117-09-10,BURGER KING,02820017364,MARL 27,2.00,4.72,CIGS,,,a,2016-10-08 07:16:18
110,117-09-10,BURGER KING,,FAST FOOD,1.00,1.08,FAST FOOD,,,a,2016-10-08 07:16:18
111,116-08-30,BURGER KING,,FAST FOOD,1.00,5.99,FAST FOOD,,,a,2016-10-08 07:16:18
112,116-08-30,BURGER KING,,SALES TAX,1.00,0.42,SALES TAX,,,a,2016-10-08 07:16:18
113,115-08-27,WALMART,007874204026,SALES TAX,1.00,1.94,SALES TAX,,,a,2016-10-08 13:11:45
114,115-08-27,WALMART,007087051095,SALES TAX,2.00,0.98,SALES TAX,,,a,2016-10-08 13:11:45
116,115-08-27,WALMART,007874202038,SALES TAX,1.00,4.98,SALES TAX,,,a,2016-10-08 13:11:45
117,115-08-27,WALMART,004400004258,SALES TAX,1.00,2.98,SALES TAX,,,a,2016-10-08 13:11:45
118,115-08-27,WALMART,003040077387,SALES TAX,1.00,10.97,SALES TAX,,,a,2016-10-08 13:11:45
120,115-08-27,WALMART,007756714169,SALES TAX,2.00,2.98,SALES TAX,,,a,2016-10-08 13:11:45
121,115-08-27,WALMART,002740026499,SALES TAX,1.00,3.46,SALES TAX,,,a,2016-10-08 13:11:45
122,115-08-27,WALMART,001200081011,DIET PEPSI,1.00,3.33,HOUSE DRINKS,12OZ,12PK,a,2016-10-08 13:11:45
123,115-08-27,WALMART,007874207704,SALES TAX,1.00,2.97,SALES TAX,,,a,2016-10-08 13:11:45
124,115-08-27,WALMART,063084090317,SALES TAX,1.00,1.00,SALES TAX,,,a,2016-10-08 13:11:45
125,115-08-27,WALMART,001700004649,SALES TAX,1.00,2.88,SALES TAX,,,a,2016-10-08 13:11:45
126,115-08-27,WALMART,003700094631,SALES TAX,1.00,2.97,SALES TAX,,,a,2016-10-08 13:11:45
127,115-08-27,WALMART,007418226800,SALES TAX,1.00,1.96,SALES TAX,,,a,2016-10-08 13:11:45
128,115-08-27,WALMART,007874205871,SALES TAX,1.00,2.14,SALES TAX,,,a,2016-10-08 13:11:45
129,115-08-27,WALMART,007535309020,SALES TAX,1.00,2.43,SALES TAX,,,a,2016-10-08 13:11:45
130,115-08-27,WALMART,004316826131,SALES TAX,1.00,1.54,SALES TAX,,,a,2016-10-08 13:11:45
131,115-08-27,WALMART,004316874038,SALES TAX,1.00,2.54,SALES TAX,,,a,2016-10-08 13:11:45
132,115-08-27,WALMART,001700004649,SALES TAX,1.00,3.47,SALES TAX,,,a,2016-10-08 13:11:45
133,115-08-27,WALMART,,SALES TAX,1.00,3.03,SALES TAX,,,a,2016-10-08 13:11:45
134,114-09-02,WALGREENS,,DIET DEW,1.00,1.99,DRINKS,,,a,2016-10-08 07:16:20
135,114-09-02,WALGREENS,,DIET DEW,1.00,1.79,DRINKS,20OZ,,a,2016-10-08 07:16:20
136,114-09-02,WALGREENS,,DIET DEW,1.00,10.00,DRINKS,,,a,2016-10-08 07:16:20
137,114-09-02,WALGREENS,,DIET DEW,1.00,0.26,DRINKS,,,a,2016-10-08 07:16:20
138,113-09-14,WALGREENS,02720000175,PALL MALL ORANGE,1.00,4.63,CIGS,,,a,2016-10-08 07:16:20
139,113-09-14,WALGREENS,,DIET DEW,1.00,0.32,DRINKS,,,a,2016-10-08 07:16:20
140,112-09-01,WALGREENS,01600043472,DIET DEW,1.00,1.99,DRINKS,12.2OZ,,a,2016-10-08 07:16:20
141,112-09-01,WALGREENS,01200000746,DIET DEW,1.00,1.99,DRINKS,2L,,a,2016-10-08 07:16:20
142,109-09-04,RALLY,04767747420,FOUNTAIN,1.00,1.99,DRINKS,3OZ,,a,2016-10-08 07:16:23
143,109-09-04,RALLY,,FOUNTAIN,1.00,0.46,DRINKS,,,a,2016-10-08 07:16:23
144,108-09-21,RALLY,02200000514,FOUNTAIN,1.00,1.49,DRINKS,,,a,2016-10-08 07:16:23
145,108-09-21,RALLY,1002,FOUNTAIN,1.00,5.00,DRINKS,,,a,2016-10-08 07:16:23
146,108-09-21,RALLY,,FOUNTAIN,1.00,0.10,DRINKS,,,a,2016-10-08 07:16:23
147,107-09-21,RALLY,02820017364,MARL 27,1.00,4.77,CIGS,,,a,2016-10-08 07:16:23
148,107-09-21,RALLY,61300872071,FOUNTAIN,1.00,0.99,DRINKS,,,a,2016-10-08 07:16:23
149,107-09-21,RALLY,,FOUNTAIN,1.00,0.40,DRINKS,,,a,2016-10-08 07:16:23
150,106-09-27,WALGREENS,02820017706,MARL MNTH GLD,1.00,4.77,CIGS,,,a,2016-10-08 07:16:23
151,106-09-27,RALLY,07084701247,FOUNTAIN,1.00,2.59,DRINKS,16OZ,,a,2016-10-08 07:16:23
152,106-09-27,RALLY,,FOUNTAIN,1.00,0.52,DRINKS,,,a,2016-10-08 07:16:23
153,125-09-03,RALLY,,FOUNTAIN,1.00,1.19,DRINKS,32OZ,,a,2016-10-08 07:16:23
154,125-09-03,PSTA,2001,BUS FARE,1.00,5.00,TRAVEL,,,a,2016-10-08 07:16:24
155,125-09-03,PSTA,2001,BUS FARE,1.00,5.00,TRAVEL,,,a,2016-10-08 07:16:24
156,069-09-01,PSTA,2001,BUS FARE,1.00,2.50,TRAVEL,,,a,2016-10-08 07:16:24
157,074-09-02,PSTA,2001,BUS FARE,1.00,2.25,TRAVEL,,,a,2016-10-08 07:16:24
158,068-09-05,PSTA,2001,BUS FARE,1.00,5.00,TRAVEL,,,a,2016-10-08 07:16:24
159,072-09-09,PSTA,2001,BUS FARE,1.00,2.25,TRAVEL,,,a,2016-10-08 13:32:02
160,118-09-10,PSTA,2001,BUS FARE,1.00,5.00,TRAVEL,,,a,2016-10-08 07:16:24
161,073-09-16,PSTA,2001,BUS FARE,1.00,2.25,TRAVEL,,,a,2016-10-08 07:16:24
162,071-09-23,PSTA,2001,BUS FARE,1.00,2.00,TRAVEL,,,a,2016-10-08 07:16:24
163,071-09-23,PSTA,2001,BUS FARE,1.00,0.25,TRAVEL,,,a,2016-10-08 07:16:24
164,070-09-30,WALGREENS,,SALES TAX,1.00,2.25,SALES TAX,,,a,2016-10-08 07:16:25
165,147-09-03,WALGREENS,,RENT,1.00,-1000.00,HOUSE BILL,,,a,2016-10-08 07:16:25
166,179-09-21,ARBYS,,FAST FOOD,1.00,6.99,FAST FOOD,,,a,2016-10-08 13:06:03
167,179-09-21,ARBYS,,SALES TAX,1.00,0.49,SALES TAX,,,a,2016-10-08 13:06:03
168,138-09-20,LARGO MOBIL,,SNAPPLE DT H-H,1.00,1.59,DRINKS,,,a,2016-10-08 13:37:46
169,138-09-20,LARGO MOBIL,,TWIX,1.00,2.09,SNACKS,KING SIZE,,a,2016-10-05 13:41:46
170,160-10-05,WALGREENS,02720000175,PALL MALL ORANGE,1.00,4.63,CIGS,,,a,2016-10-05 13:43:08
171,160-10-05,WALGREENS,,SALES TAX,1.00,0.32,SALES TAX,,,a,2016-10-08 07:16:25
172,161-10-02,WALGREENS,02820017706,MARL MNTH GLD,1.00,4.77,CIGS,,,a,2016-10-08 13:12:04
173,161-10-02,WALGREENS,61300872071,SALES TAX,1.00,0.99,SALES TAX,,,a,2016-10-08 13:12:04
174,161-10-02,WALGREENS,,SALES TAX,1.00,0.40,SALES TAX,,,a,2016-10-08 13:12:04
175,162-10-01,LANDLORD,,RENT,1.00,500.00,HOUSE BILL,,,a,2016-10-05 13:44:21
176,164-10-01,WALGREENS,02820017706,MARL MNTH GLD,1.00,4.77,CIGS,,,a,2016-10-05 13:44:50
177,164-10-01,LARGO MOBIL,,SALES TAX,1.00,0.33,SALES TAX,,,a,2016-10-08 07:16:26
178,165-09-29,ARBYS,,BEEF AND CHEDDAR,1.00,7.49,FAST FOOD,,,a,2016-10-08 13:36:49
179,165-09-29,ARBYS,,MID ROAST BEEF,1.00,6.49,FAST FOOD,,,a,2016-10-05 13:45:38
180,165-09-29,LARGO MOBIL,,SALES TAX,1.00,0.98,SALES TAX,,,a,2016-10-08 07:16:26
181,166-09-26,LARGO MOBIL,,SNAPPLE DT H-H,1.00,1.59,DRINKS,,,a,2016-10-08 13:37:24
182,166-09-26,LARGO MOBIL,,WHITE CHOC REECES,1.00,1.49,SNACKS,KING SIZE,,a,2016-10-08 13:37:07
183,166-09-26,LARGO MOBIL,,SALES TAX,1.00,0.10,SALES TAX,,,a,2016-10-08 13:06:52
184,167-09-27,LARGO MOBIL,,DIET DEW,1.00,1.69,DRINKS,20OZ,,a,2016-10-05 13:46:45
185,167-09-27,LARGO MOBIL,,KIT KAT,1.00,1.29,SNACKS,REGULAR,,a,2016-10-05 13:47:00
186,167-09-27,LARGO MOBIL,,SALES TAX,1.00,0.12,SALES TAX,,,a,2016-10-08 07:16:26
187,168-09-26,WALGREENS,02720000175,PALL MALL ORANGE,1.00,4.63,CIGS,,,a,2016-10-05 13:47:39
188,168-09-26,ARBYS,,SALES TAX,1.00,0.32,SALES TAX,,,a,2016-10-08 07:16:27
189,169-09-29,LARGO MOBIL,,PALL MALL ORANGE,1.00,5.15,CIGS,,,a,2016-10-05 13:48:04
190,169-09-29,LARGO MOBIL,,HONEY BUN,1.00,2.14,SNACKS,,,a,2016-10-05 13:48:12
191,169-09-29,ARBYS,,SALES TAX,1.00,0.36,SALES TAX,,,a,2016-10-08 07:16:27
192,178-09-28,BURGER KING,,WHOPPER BCN/CHS,1.00,8.49,FAST FOOD,,,a,2016-10-05 13:48:45
193,178-09-28,ARBYS,,SALES TAX,1.00,0.60,SALES TAX,,,a,2016-10-08 07:16:27
194,177-10-03,ARBYS,,BEEF AND CHEDDAR,1.00,15.96,FAST FOOD,,,a,2016-10-05 13:49:13
195,177-10-03,ARBYS,,FAST FOOD,1.00,1.12,FAST FOOD,,,a,2016-10-08 07:16:27
196,176-09-30,WALGREENS,2820017364,MARL 27,1.00,4.77,CIGS,,,a,2016-10-05 13:49:49
197,176-09-30,WALGREENS,04902288458,PHONE CHARGER,1.00,8.00,ELECTRONICS,,,a,2016-10-05 13:50:06
198,176-09-30,WALGREENS,61200872071,ARIZONA TEA,1.00,1.00,DRINKS,,,a,2016-10-05 13:50:16
199,176-09-30,WALGREENS,,SALES TAX,1.00,0.96,SALES TAX,,,a,2016-10-08 07:16:28
200,175-09-30,WALMART,007874206500,CHERRY POPTARTS,1.00,2.68,GROCERIES,,,a,2016-10-05 13:51:00
201,175-09-30,WALMART,007874202538,STRW/WTRMLN MIX,1.00,1.74,DRINKS,,,a,2016-10-05 13:51:19
202,175-09-30,WALMART,007874207712,KIWI/STRBRY MIX,1.00,1.74,DRINKS,,,a,2016-10-05 13:51:42
203,175-09-30,WALMART,007874207381,DRGN FRUIT MIX,1.00,1.74,DRINKS,,,a,2016-10-05 13:51:56
204,175-09-30,WALMART,007874222822,VANILLA PUDDING MIX,1.00,1.36,GROCERIES,,,a,2016-10-05 13:52:18
205,175-09-30,WALMART,007874208295,CHIPS,1.00,1.84,GROCERIES,,,a,2016-10-05 13:52:42
206,175-09-30,WALMART,007874208276,CHIPS,1.00,1.84,GROCERIES,,,a,2016-10-05 13:52:54
207,175-09-30,WALMART,060538818788,CHEESE BAG,1.00,2.22,GROCERIES,,,a,2016-10-05 13:53:16
208,175-09-30,WALMART,060538818789,CHEESE BAG,1.00,2.22,GROCERIES,,,a,2016-10-05 13:53:26
209,175-09-30,WALMART,003760068072,PEPPERONI,1.00,2.98,GROCERIES,,,a,2016-10-05 13:54:01
210,175-09-30,WALMART,007874204659,SF GRAHAM COOKIES,1.00,1.98,HOUSE SNACK,,,a,2016-10-05 13:54:21
211,175-09-30,WALMART,001600044225,COOKIE MIX,1.00,1.98,HOUSE SNACK,,,a,2016-10-05 13:54:38
212,175-09-30,WALMART,003400007676,HALWN CANDY,1.00,9.94,HOUSE SNACK,,,a,2016-10-05 13:54:51
213,175-09-30,WALGREENS,,SALES TAX,1.00,1.07,SALES TAX,,,a,2016-10-08 07:16:29
214,174-09-30,WALMART,030169183402,NOVALIN N,1.00,24.88,HEALTH,,,a,2016-10-05 13:55:29
215,173-10-03,WALGREENS,04902271468,PEANUT BUTTER,1.00,1.99,GROCERIES,,,a,2016-10-05 13:56:12
216,173-10-03,WALGREENS,07225001137,BREAD,1.00,3.29,GROCERIES,,,a,2016-10-05 13:56:22
217,173-10-03,WALGREENS,04902283315,NICE SPLENDA,1.00,1.99,DRINKS,,,a,2016-10-05 13:56:42
868,461-12-10,CRACKER BARREL,2010,TIPS,1.00,-101.00,TIPS,,,a,2016-12-11 06:40:24
219,173-10-03,WALGREENS,03700086751,LAUNDRY DETERGENT,1.00,6.49,HOUSE ITEM,,,a,2016-10-05 13:57:25
220,173-10-03,WALGREENS,,SALES TAX,1.00,0.45,SALES TAX,,,a,2016-10-08 07:16:29
221,172-10-03,BURGER KING,,10 PIECE,1.00,1.49,FAST FOOD,,,a,2016-10-05 13:58:07
222,172-10-03,BURGER KING,,ONION RINGS,1.00,1.00,FAST FOOD,,,a,2016-10-05 13:58:14
223,172-10-03,BURGER KING,,LARGE DRINK,1.00,2.29,DRINKS,,,a,2016-10-05 13:58:22
224,172-10-03,LARGO MOBIL,,SALES TAX,1.00,0.34,SALES TAX,,,a,2016-10-08 07:16:30
225,171-09-30,LARGO MOBIL,,PALL MALL ORANGE,1.00,5.15,CIGS,,,a,2016-10-05 13:58:46
226,171-09-30,LARGO MOBIL,,SALES TAX,1.00,0.36,SALES TAX,,,a,2016-10-08 07:16:30
227,170-09-29,LARGO MOBIL,,CUPCAKES,1.00,1.79,SNACKS,,,a,2016-10-05 13:59:17
228,185-08-26,WALGREENS,,NICE SPLENDA,1.00,1.99,DRINKS,,,a,2016-10-05 14:00:16
229,187-08-26,WALGREENS,,MISC,1.00,4.28,MISC,,,a,2016-10-05 14:00:44
230,188-08-29,WALGREENS,,MISC,1.00,18.81,MISC,,,a,2016-10-05 14:01:01
231,189-08-29,WALGREENS,,MARL MNTH GLD,1.00,9.62,CIGS,,,a,2016-10-05 14:01:25
232,190-08-31,BURGER KING,,FOOD,1.00,5.12,FAST FOOD,,,a,2016-10-05 14:01:49
233,191-09-06,WALGREENS,,PALL MALL ORANGE,1.00,4.95,CIGS,,,a,2016-10-05 14:02:09
234,191-09-06,WALGREENS,,ARIZONA TEA,1.00,0.99,DRINKS,,,a,2016-10-05 14:02:21
235,191-09-06,WALGREENS,,SALES TAX,1.00,0.01,SALES TAX,,,a,2016-10-08 07:16:31
236,192-09-12,ST PETERSBURG,,WATER BILL,1.00,111.78,HOUSE BILL,,,a,2016-10-05 14:03:03
237,193-09-12,ATT,,PHONE BILL,1.00,154.47,PERSONAL BILL,,,a,2016-10-08 13:30:30
238,194-09-12,DUKE ENERGY,,ELECTRIC BILL,1.00,201.00,HOUSE BILL,,,a,2016-10-05 14:03:40
239,195-09-14,BANK OF AMERICA,,OVERDRAFT FEE,1.00,35.00,BANK FEE,,,a,2016-10-05 14:04:01
240,196-09-21,BANK OF AMERICA,,OVERDRAFT FEE,1.00,35.00,BANK FEE,,,a,2016-10-05 14:04:14
241,211-09-09,CASH,1002,CARD TO CASH,1.00,-80.00,TRANSFER,,,a,2016-10-05 14:08:53
242,212-09-09,CASH,1002,CARD TO CASH,1.00,-20.00,TRANSFER,,,a,2016-10-05 14:10:24
243,213-09-09,CASH,1002,CARD TO CASH,1.00,20.00,TRANSFER,,,a,2016-10-05 14:10:49
244,214-09-09,RANMAR,,PAYROLL,1.00,-268.05,PAYROLL,,,a,2016-10-05 14:11:19
245,215-08-31,FACEBOOK,,QUENCH,1.00,28.92,BUSINESS BILL,,,a,2016-10-05 14:11:49
246,216-08-29,CASH,1002,CARD TO CASH,1.00,100.00,TRANSFER,,,a,2016-10-05 14:12:03
247,217-08-29,CASH,1002,CARD TO CASH,1.00,-100.00,TRANSFER,,,a,2016-10-05 14:12:15
248,203-08-28,RALLY,,CIGS,1.00,5.75,CIGS,,,a,2016-10-05 14:12:36
249,204-08-26,LARGO MOBIL,,CIGS,1.00,11.09,CIGS,,,a,2016-10-05 14:12:59
250,220-08-26,CASH,1002,CARD TO CASH,1.00,40.00,TRANSFER,,,a,2016-10-05 14:13:21
251,221-08-26,CASH,1002,CARD TO CASH,1.00,-40.00,TRANSFER,,,a,2016-10-05 14:13:32
252,222-08-26,PERSONAL,,PAYROLL,1.00,-329.81,PAYROLL,,,a,2016-10-05 14:13:56
253,224-08-20,MISC,1003,CARD TO CARD,1.00,6.00,TRANSFER,,,a,2016-10-05 14:14:18
254,223-08-20,MISC,1003,CARD TO CARD,1.00,-6.00,TRANSFER,,,a,2016-10-05 14:14:32
255,225-08-19,BURGER KING,,FOOD,1.00,2.46,FAST FOOD,,,a,2016-10-05 14:14:56
256,226-08-18,WALGREENS,,MISC,1.00,16.10,MISC,,,a,2016-10-05 14:15:17
257,227-09-21,DATIQUE,,WEBSITE COMMISSION,1.00,-22.00,COMISSION,,,a,2016-10-05 14:15:51
258,228-09-13,JETBRAINS,,PHPSTORM,1.00,8.90,BUSINESS BILL,,,a,2016-10-05 14:16:14
259,229-09-05,ROOMMATES,,GENEROSITY,1.00,-35.00,HEALTH,,,a,2016-10-05 14:16:45
260,156-10-04,COSMOS,,BISCUITS AND GRAVY,1.00,5.00,FAST FOOD,,,a,2016-10-05 14:24:30
261,156-10-04,COSMOS,,SALES TAX,1.00,0.35,SALES TAX,,,a,2016-10-08 07:16:33
262,157-10-04,COSMOS,,TIP,1.00,2.00,FAST FOOD,,,a,2016-10-05 14:24:47
263,186-08-26,CARD,,MISC,1.00,47.28,MISC,,,a,2016-10-05 14:30:30
264,181-08-26,QUENCH,,PAYROLL,1.00,271.28,PAYROLL,,,a,2016-10-05 14:31:24
265,180-08-26,QUENCH,,PAYROLL,1.00,-271.28,PAYROLL,,,a,2016-10-05 14:31:40
266,210-09-09,CASH,1002,CARD TO CASH,1.00,80.00,TRANSFER,,,a,2016-10-05 14:32:58
267,182-09-09,QUENCH,,PAYROLL,1.00,-271.28,PAYROLL,,,a,2016-10-05 14:33:22
268,163-10-01,ROOMMATES,,RENT,1.00,-500.00,HOUSE BILL,,,a,2016-10-05 14:34:36
269,183-09-20,BARTENDER,,LOAN,1.00,-5.00,LOAN,,,a,2016-10-07 11:14:02
274,268-10-12,WALGREENS,,SALES TAX,1.00,0.72,SALES TAX,,,a,2016-10-26 12:13:36
273,268-10-12,WALGREENS,02820000422,MARL SP BLND GLD,2.00,5.17,CIGS,,,a,2016-10-26 12:07:21
275,267-10-17,WALGREENS,02720000175,PALL MALL ORANGE,2.00,4.58,CIGS,,,a,2016-10-26 12:15:18
276,267-10-17,WALGREENS,1002,CARD TO CASH,1.00,5.00,TRANSFER,,,a,2016-10-26 12:15:40
277,267-10-17,WALGREENS,,SALES TAX,1.00,0.64,SALES TAX,,,a,2016-10-26 12:15:46
278,266-10-20,WALGREENS,02720000175,PALL MALL ORANGE,2.00,4.58,CIGS,,,a,2016-10-26 12:20:21
279,266-10-20,WALGREENS,01200015119,KICKSTART WATERMELON,1.00,1.89,DRINKS,12OZ,1,a,2016-10-26 12:21:08
280,266-10-20,WALGREENS,1002,CARD TO CASH,1.00,5.00,TRANSFER,,,a,2016-10-26 12:21:59
281,266-10-20,WALGREENS,,SALES TAX,1.00,0.77,SALES TAX,,,a,2016-10-26 12:22:04
282,265-10-13,WALGREENS,04902260228,NICE SPRING WATER,1.00,1.19,DRINKS,23OZ,1,a,2016-10-26 12:22:42
283,265-10-13,WALGREENS,1002,CARD TO CASH,1.00,5.00,TRANSFER,,,a,2016-10-26 12:22:52
286,262-10-25,WALGREENS,03500014109,BAR SOAP,1.00,3.99,HOUSE ITEM,4OZ,6,a,2016-10-26 12:24:54
287,262-10-25,WALGREENS,61300872071,ARIZONA TEA,2.00,0.50,DRINKS,23OZ,1,a,2016-10-26 12:25:21
288,262-10-25,WALGREENS,01700006806,SPRAY DEODARANT,1.00,5.79,PERSONAL ITEM,6OZ,1,a,2016-10-26 12:25:56
289,262-10-25,WALGREENS,04902263975,CANOLA OIL,1.00,2.99,GROCERIES,24OZ,1,a,2016-10-26 12:26:21
290,262-10-25,WALGREENS,04902288106,FACE WASH,1.00,4.79,PERSONAL ITEM,5OZ,1,a,2016-10-26 12:26:52
291,262-10-25,WALGREENS,04190007664,MILK,1.00,2.49,GROCERIES,1QT,1,a,2016-10-26 12:27:16
292,262-10-25,WALGREENS,02720000175,PALL MALL ORANGE,2.00,4.58,CIGS,,,a,2016-10-26 12:27:31
293,262-10-25,WALGREENS,1002,CARD TO CASH,1.00,5.00,TRANSFER,,,a,2016-10-26 12:29:02
294,262-10-25,WALGREENS,07940044563,BODY WASH,2.00,1.50,PERSONAL ITEM,12OZ,1,a,2016-10-26 12:31:43
295,262-10-25,WALGREENS,,SALES TAX,1.00,1.94,SALES TAX,,,a,2016-10-26 12:31:47
296,261-10-25,WALGREENS,04300002922,COFFEE,2.00,2.50,DRINKS,11.5OZ,1,a,2016-10-26 12:34:40
297,261-10-25,WALGREENS,01200000134,DIEW DEW,2.00,1.50,DRINKS,20OZ,1,a,2016-10-26 12:36:24
298,261-10-25,WALGREENS,04902259061,COFFEE FILTERS,1.00,1.89,DRINKS,100CT,1,a,2016-10-26 12:36:59
299,261-10-25,WALGREENS,,SALES TAX,1.00,0.34,SALES TAX,,,a,2016-10-26 12:37:07
300,260-10-25,WALGREENS,02560000790,CHOC DONUTS,1.00,1.00,SNACKS,3.3OZ,6,a,2016-10-26 12:37:55
301,260-10-25,WALGREENS,02820017706,MARL MNTH GLD,1.00,4.77,CIGS,,,a,2016-10-26 12:38:09
302,260-10-25,WALGREENS,1002,CARD TO CASH,1.00,5.00,TRANSFER,,,a,2016-10-26 12:38:30
303,260-10-25,WALGREENS,,SALES TAX,1.00,0.33,SALES TAX,,,a,2016-10-26 12:38:34
304,259-10-22,WALGREENS,02800083047,100 GRAND,1.00,3.19,HOUSE SNACK,11OZ,1,a,2016-10-26 12:42:46
305,259-10-22,WALGREENS,02820017706,MARL MNTH GLD,1.00,4.77,CIGS,,,a,2016-10-26 12:42:59
306,259-10-22,WALGREENS,03400047374,REECE PUMPKINS,1.00,3.00,HOUSE SNACK,10.2OZ,,a,2016-10-26 12:43:38
307,259-10-22,WALGREENS,03400007740,KIT KAT,1.00,3.00,HOUSE SNACK,10.29OZ,,a,2016-10-26 12:44:11
308,259-10-22,WALGREENS,,SALES TAX,1.00,0.98,SALES TAX,,,a,2016-10-26 12:44:22
309,258-10-21,TACO BELL,,NACHO BELL GRANDE,1.00,6.59,FAST FOOD,,,a,2016-10-26 12:45:09
310,258-10-21,TACO BELL,,LARGE DRINK,1.00,1.89,DRINKS,,,a,2016-10-26 12:45:27
311,258-10-21,TACO BELL,,SALES TAX,1.00,0.60,SALES TAX,,,a,2016-10-26 12:45:33
312,257-10-14,WINN DIXIE,,MIRACLE WHIP,2.00,3.00,GROCERIES,,,a,2016-10-26 12:46:31
313,257-10-14,WINN DIXIE,07225001137,BREAD,1.00,1.00,GROCERIES,,,a,2016-10-26 12:47:10
314,257-10-14,WINN DIXIE,,TACO BELL MEAL,1.00,2.35,GROCERIES,,,a,2016-10-26 12:47:42
315,256-10-18,WALGREENS,03400000052,FAST BREAK,4.00,0.50,SNACKS,REGULAR,,a,2016-10-26 12:49:30
316,256-10-18,WALGREENS,01200000134,DIEW DEW,1.00,1.89,DRINKS,20OZ,,a,2016-10-26 12:49:48
317,256-10-18,WALGREENS,1002,CARD TO CASH,1.00,5.00,TRANSFER,,,a,2016-10-26 12:50:00
318,256-10-18,WALGREENS,,SALES TAX,1.00,0.34,SALES TAX,,,a,2016-10-26 12:50:06
319,255-10-19,WALGREENS,02820017706,MARL MNTH GLD,2.00,4.72,CIGS,,,a,2016-10-26 12:50:31
320,255-10-19,WALGREENS,07225001137,BREAD,1.00,3.29,GROCERIES,,,a,2016-10-26 12:50:48
321,255-10-19,WALGREENS,,SALES TAX,1.00,0.66,SALES TAX,,,a,2016-10-26 12:50:56
322,254-10-15,WALGREENS,31254742735,MOUTHWASH,1.00,4.99,PERSONAL ITEM,8.5OZ,,a,2016-10-26 12:51:35
323,254-10-15,WALGREENS,02720000175,PALL MALL ORANGE,2.00,4.58,CIGS,,,a,2016-10-26 12:51:48
324,254-10-15,WALGREENS,,SALES TAX,1.00,0.99,SALES TAX,,,a,2016-10-26 12:51:53
325,253-10-08,SAV-A-LOT,,409,1.00,2.89,HOUSE ITEM,32OZ,,a,2016-10-26 12:52:42
326,253-10-08,SAV-A-LOT,,BASIL,1.00,1.00,GROCERIES,.62OZ,,a,2016-10-26 12:53:14
327,253-10-08,SAV-A-LOT,,BBQ PORK MEAL,1.00,3.99,GROCERIES,16OZ,,a,2016-10-26 12:53:32
328,253-10-08,SAV-A-LOT,,PASTA,1.00,0.99,GROCERIES,5.6OZ,,a,2016-10-26 12:53:48
329,253-10-08,SAV-A-LOT,,BLUEBERRY POPTARTS,1.00,1.79,GROCERIES,22OZ,,a,2016-10-26 12:54:11
330,253-10-08,SAV-A-LOT,,SALISBARY POT PIE,2.00,0.79,GROCERIES,7OZ,,a,2016-10-26 12:54:45
331,253-10-08,SAV-A-LOT,,CINNAMON POPTARTS,1.00,1.79,GROCERIES,22OZ,,a,2016-10-26 12:55:27
332,253-10-08,SAV-A-LOT,,BREAKFAST POT PIE,2.00,0.79,GROCERIES,,,a,2016-10-26 12:55:40
333,253-10-08,SAV-A-LOT,,CHICKEN POT PIE,1.00,0.79,GROCERIES,7OZ,,a,2016-10-26 12:56:03
334,253-10-08,SAV-A-LOT,,TUNA FISH,4.00,0.79,GROCERIES,,,a,2016-10-26 12:56:17
335,253-10-08,SAV-A-LOT,,CHICKEN SEASONING,1.00,1.00,GROCERIES,6OZ,,a,2016-10-26 12:56:49
336,253-10-08,SAV-A-LOT,,BROWNIES,1.00,2.99,GROCERIES,48OZ,,a,2016-10-26 12:57:06
337,253-10-08,SAV-A-LOT,,CHICKEN NUGGETS,1.00,3.99,GROCERIES,28OZ,,a,2016-10-26 12:57:30
338,253-10-08,SAV-A-LOT,,GRAVY MIX,2.00,0.50,GROCERIES,.87OZ,,a,2016-10-26 12:58:07
339,253-10-08,SAV-A-LOT,,RAMAN,1.00,0.99,GROCERIES,18OZ,6,a,2016-10-26 12:58:30
340,253-10-08,SAV-A-LOT,,CHKN/DUMPL SOUP,2.00,1.29,GROCERIES,18.8OZ,,a,2016-10-26 12:58:55
341,253-10-08,SAV-A-LOT,,FROZEN PIZZA,1.00,0.99,GROCERIES,10OZ,,a,2016-10-26 12:59:57
342,253-10-08,SAV-A-LOT,,ICE CREAM,1.00,2.99,GROCERIES,48OZ,,a,2016-10-26 13:00:26
343,253-10-08,SAV-A-LOT,,EGGS,1.00,0.99,GROCERIES,,12,a,2016-10-26 13:00:44
344,253-10-08,SAV-A-LOT,,FABRIC SOFTNER,1.00,0.99,HOUSE ITEM,,40,a,2016-10-26 13:01:10
345,253-10-08,SAV-A-LOT,,CHICKEN,1.00,7.94,GROCERIES,,,a,2016-10-26 13:01:30
346,253-10-08,SAV-A-LOT,,FRENCH STYLE GREEN BEANS,2.00,0.49,GROCERIES,14.5OZ,,a,2016-10-26 13:01:50
347,253-10-08,SAV-A-LOT,,CEREAL,1.00,2.79,GROCERIES,28OZ,,a,2016-10-26 13:02:10
348,253-10-08,SAV-A-LOT,,FUDGE ROUNDS,1.00,1.69,HOUSE SNACK,9.5OZ,,a,2016-10-26 13:02:30
349,253-10-08,SAV-A-LOT,,CHEESE TOAST,1.00,1.99,GROCERIES,11.8OZ,,a,2016-10-26 13:02:54
350,253-10-08,SAV-A-LOT,,GROUND BEEF,1.00,7.95,GROCERIES,3LB,,a,2016-10-26 13:03:44
351,253-10-08,SAV-A-LOT,,POTATOES,1.00,1.89,GROCERIES,15.3OZ,,a,2016-10-26 13:04:11
352,253-10-08,SAV-A-LOT,,BISCUITS,1.00,1.29,GROCERIES,16OZ,,a,2016-10-26 13:04:46
353,253-10-08,SAV-A-LOT,,HONEY BUN,1.00,3.49,SNACKS,20.98OZ,12,a,2016-10-26 13:05:24
354,253-10-08,SAV-A-LOT,,HOTDOGS,1.00,3.99,GROCERIES,3LB,,a,2016-10-26 13:05:45
355,253-10-08,SAV-A-LOT,,ITALIAN SEASONING,1.00,1.00,GROCERIES,.75OZ,,a,2016-10-26 13:06:08
356,253-10-08,SAV-A-LOT,,JELLY,1.00,1.69,GROCERIES,32OZ,,a,2016-10-26 13:06:28
357,253-10-08,SAV-A-LOT,,KETCHUP,1.00,1.99,GROCERIES,38OZ,,a,2016-10-26 13:06:44
358,253-10-08,SAV-A-LOT,,SPAGETTI SAUCE,1.00,0.99,GROCERIES,24OZ,,a,2016-10-26 13:07:00
359,253-10-08,SAV-A-LOT,,MEATLOAF SEASONING,1.00,0.50,GROCERIES,1.25OZ,,a,2016-10-26 13:07:33
360,253-10-08,SAV-A-LOT,,CHEESE BAG,1.00,2.99,GROCERIES,12OZ,,a,2016-10-26 13:07:48
361,253-10-08,SAV-A-LOT,,MILK,1.00,2.69,GROCERIES,1GAL,1,a,2016-10-26 13:08:23
362,253-10-08,SAV-A-LOT,,FROZEN LASAGNA,1.00,4.99,GROCERIES,32OZ,,a,2016-10-26 13:09:00
363,253-10-08,SAV-A-LOT,,ONION POWDER,1.00,1.00,GROCERIES,2.14OZ,,a,2016-10-26 13:09:21
364,253-10-08,SAV-A-LOT,,PEPPERONI,1.00,2.99,GROCERIES,8OZ,,a,2016-10-26 13:09:50
365,253-10-08,SAV-A-LOT,,FROZEN PIZZA,1.00,0.99,GROCERIES,10OZ,,a,2016-10-26 13:10:04
366,253-10-08,SAV-A-LOT,,PORK CHOP,1.00,2.54,GROCERIES,,,a,2016-10-26 13:10:28
367,253-10-08,SAV-A-LOT,,PIZZA ROLLS,1.00,1.75,GROCERIES,15OZ,,a,2016-10-26 13:10:47
368,253-10-08,SAV-A-LOT,,PORK SAUSAGE,1.00,4.49,GROCERIES,16OZ,,a,2016-10-26 13:11:04
369,253-10-08,SAV-A-LOT,,MAC AND CHEESE,1.00,1.49,GROCERIES,12OZ,,a,2016-10-26 13:11:35
370,253-10-08,SAV-A-LOT,,SALISBARY STEAK MEAL,1.00,2.89,GROCERIES,27OZ,,a,2016-10-26 13:12:01
371,253-10-08,SAV-A-LOT,,MAC AND CHEESE,1.00,1.49,GROCERIES,10.3OZ,,a,2016-10-26 13:12:27
372,253-10-08,SAV-A-LOT,,STAR CRUNCH,1.00,1.89,HOUSE SNACK,13OZ,,a,2016-10-26 13:12:45
373,253-10-08,SAV-A-LOT,,STROGONOFF HELPER,1.00,0.99,GROCERIES,5.6OZ,,a,2016-10-26 13:12:59
374,253-10-08,SAV-A-LOT,,TACO SEASONING,1.00,0.50,GROCERIES,1.25OZ,,a,2016-10-26 13:13:22
375,253-10-08,SAV-A-LOT,,BOLOGNA,2.00,0.99,GROCERIES,16OZ,,a,2016-10-26 13:13:42
376,253-10-08,SAV-A-LOT,,VANILLA,1.00,0.89,GROCERIES,8OZ,,a,2016-10-26 13:14:02
377,253-10-08,SAV-A-LOT,,VANILLA WAFERS,1.00,1.49,HOUSE SNACK,11OZ,,a,2016-10-26 13:14:20
378,253-10-08,SAV-A-LOT,,CANNED CORN,4.00,0.49,GROCERIES,15.25OZ,,a,2016-10-26 13:14:37
379,253-10-08,SAV-A-LOT,,MUSTARD,1.00,0.79,GROCERIES,14OZ,,a,2016-10-26 13:14:52
380,253-10-08,SAV-A-LOT,,SALES TAX,1.00,4.55,SALES TAX,,,a,2016-10-26 13:15:23
381,252-10-06,WALGREENS,02820017706,MARL MNTH GLD,1.00,4.77,CIGS,,,a,2016-10-26 13:15:46
382,252-10-06,WALGREENS,04190007664,MILK,1.00,2.49,GROCERIES,1QT,1,a,2016-10-26 13:16:00
383,252-10-06,WALGREENS,04902264087,CANNED CORN,1.00,1.09,GROCERIES,15.25OZ,,a,2016-10-26 13:16:31
384,252-10-06,WALGREENS,,SALES TAX,1.00,0.33,SALES TAX,,,a,2016-10-26 13:16:40
385,251-10-07,LARGO MOBIL,02820017706,MARL MNTH GLD,1.00,5.76,CIGS,,,a,2016-10-26 13:17:16
386,251-10-07,LARGO MOBIL,,SALES TAX,1.00,0.40,SALES TAX,,,a,2016-10-26 13:17:28
387,250-10-07,WALGREENS,01200000134,DIEW DEW,1.00,1.89,DRINKS,20OZ,,a,2016-10-26 13:17:48
388,250-10-07,WALGREENS,1002,CARD TO CASH,1.00,5.00,TRANSFER,,,a,2016-10-26 13:17:56
389,250-10-07,WALGREENS,,SALES TAX,1.00,0.13,SALES TAX,,,a,2016-10-26 13:18:02
390,249-10-07,COSMOS,,BISCUITS AND GRAVY,1.00,5.00,FAST FOOD,,,a,2016-10-26 13:18:28
391,249-10-07,COSMOS,,TIP,1.00,2.00,FAST FOOD,,,a,2016-10-26 13:18:44
392,249-10-07,COSMOS,,SALES TAX,1.00,0.35,SALES TAX,,,a,2016-10-26 13:18:46
393,248-10-17,MCDONALDS,,BACON CHEESEBURGER,2.00,1.50,FAST FOOD,,,a,2016-10-26 13:19:24
394,248-10-17,MCDONALDS,,SALES TAX,1.00,0.21,SALES TAX,,,a,2016-10-26 13:19:28
395,247-10-21,WALGREENS,61300872071,ARIZONA TEA,1.00,1.00,DRINKS,23OZ,,a,2016-10-26 13:19:51
396,247-10-21,WALGREENS,,SALES TAX,1.00,0.07,SALES TAX,,,a,2016-10-26 13:19:54
397,246-10-14,WALGREENS,04902260228,NICE SPRING WATER,1.00,1.19,DRINKS,23OZ,1,a,2016-10-26 13:20:30
398,246-10-14,WALGREENS,02720000175,PALL MALL ORANGE,1.00,4.63,CIGS,,,a,2016-10-26 13:20:43
399,246-10-14,WALGREENS,1002,CARD TO CASH,1.00,5.00,TRANSFER,,,a,2016-10-26 13:20:55
400,246-10-14,WALGREENS,,SALES TAX,1.00,0.32,SALES TAX,,,a,2016-10-26 13:20:58
401,245-10-19,LARGO MOBIL,,ENERGY DRINKS,2.00,1.50,DRINKS,16OZ,,a,2016-10-26 13:21:34
402,245-10-19,LARGO MOBIL,,SALES TAX,1.00,0.21,SALES TAX,,,a,2016-10-26 13:21:38
403,244-10-21,COSMOS,,BISCUITS AND GRAVY,1.00,5.00,FAST FOOD,,,a,2016-10-26 13:21:58
404,244-10-21,COSMOS,,TIP,1.00,2.00,FAST FOOD,,,a,2016-10-26 13:22:04
405,244-10-21,COSMOS,,SALES TAX,1.00,0.35,SALES TAX,,,a,2016-10-26 13:22:07
406,243-10-19,QUENCH,,DRINKS,1.00,9.75,ALCOHOL,,,a,2016-10-26 13:22:35
407,243-10-19,QUENCH,,TIP,1.00,5.00,ALCOHOL,,,a,2016-10-26 13:22:44
408,241-10-14,COSMOS,,BISCUITS AND GRAVY,1.00,5.00,FAST FOOD,,,a,2016-10-26 13:23:17
409,241-10-14,COSMOS,,SALES TAX,1.00,0.35,SALES TAX,,,a,2016-10-26 13:23:20
410,242-10-12,QUENCH,,DRINKS,1.00,29.25,ALCOHOL,,,a,2016-10-26 13:23:41
411,242-10-12,QUENCH,,TIP,1.00,10.00,ALCOHOL,,,a,2016-10-26 13:23:53
412,240-10-03,WALGREENS,02720000175,PALL MALL ORANGE,1.00,4.63,CIGS,,,a,2016-10-26 13:25:08
413,240-10-03,WALGREENS,,SALES TAX,1.00,0.32,SALES TAX,,,a,2016-10-26 13:25:12
414,239-10-08,WALGREENS,02820017706,MARL MNTH GLD,4.00,4.72,CIGS,,,a,2016-10-26 13:25:45
415,239-10-08,WALGREENS,,MARL COUPON,1.00,-3.00,COUPON,,,a,2016-10-26 13:26:07
416,239-10-08,WALGREENS,,SALES TAX,1.00,1.32,SALES TAX,,,a,2016-10-26 13:26:12
417,238-10-03,LANDLORD,,RENT,1.00,500.00,HOUSE BILL,,,a,2016-10-26 13:26:40
418,235-10-04,PSTA,2001,BUS FARE,1.00,5.00,TRAVEL,,,a,2016-10-26 13:27:38
419,236-10-11,PSTA,2001,BUS FARE,1.00,5.00,TRAVEL,,,a,2016-10-26 13:28:01
420,264-10-13,PSTA,2001,BUS FARE,1.00,5.00,TRAVEL,,,a,2016-10-26 13:28:21
422,232-10-18,PSTA,2001,BUS FARE,1.00,5.00,TRAVEL,,,a,2016-10-26 13:29:11
423,231-10-19,PSTA,2001,BUS FARE,1.00,5.00,TRAVEL,,,a,2016-10-26 13:29:25
424,234-10-21,PSTA,2001,BUS FARE,1.00,5.00,TRAVEL,,,a,2016-10-26 13:29:42
425,263-10-24,PSTA,2001,BUS FARE,1.00,5.00,TRAVEL,,,a,2016-10-26 13:30:03
426,233-10-08,PSTA,2001,BUS FARE,1.00,5.00,TRAVEL,,,a,2016-10-26 13:30:21
427,237-10-25,PSTA,2001,BUS FARE,1.00,5.00,TRAVEL,,,a,2016-10-26 13:30:36
428,111-09-15,WALGREENS,02720000175,PALL MALL ORANGE,1.00,4.63,CIGS,,,a,2016-10-26 13:37:06
429,111-09-15,WALGREENS,,SALES TAX,1.00,0.32,SALES TAX,,,a,2016-10-26 13:37:14
430,110-09-24,WALGREENS,025600004206,BST CRM HONEY BUN,1.00,1.00,SNACKS,6OZ,,a,2016-10-26 13:38:35
431,110-09-24,WALGREENS,04902281173,PAPER TOWELS,1.00,3.99,HOUSE ITEM,,8,a,2016-10-26 13:38:59
432,110-09-24,WALGREENS,02720000175,PALL MALL ORANGE,2.00,4.58,CIGS,,,a,2016-10-26 13:39:22
433,110-09-24,WALGREENS,31191717978,MULTIVITAMIN,2.00,7.50,PERSONAL ITEM,,200,a,2016-10-26 13:40:20
434,110-09-24,WALGREENS,,SALES TAX,1.00,0.91,SALES TAX,,,a,2016-10-26 13:40:26
435,149-09-08,WALGREENS,02820017364,MARL 27,1.00,4.77,CIGS,,,a,2016-10-26 13:43:36
436,149-09-08,WALGREENS,61300872071,ARIZONA TEA,1.00,0.99,DRINKS,23OZ,,a,2016-10-26 13:43:48
437,149-09-08,WALGREENS,,SALES TAX,1.00,0.40,SALES TAX,,,a,2016-10-26 13:43:56
438,124-09-06,WALMART,060538802294,TEST STRIPS,1.00,9.00,HEALTH,,50,a,2016-10-26 13:44:57
439,124-09-06,WALMART,030169183402,NOVALIN N,1.00,24.88,HEALTH,,1000,a,2016-10-26 13:45:25
440,129-09-10,MCDONALDS,,FRENCH FRIES,1.00,2.89,FAST FOOD,LARGE,,a,2016-10-26 13:46:29
441,129-09-10,MCDONALDS,,DIET COKE,1.00,2.29,DRINKS,LARGE,,a,2016-10-26 13:46:46
442,129-09-10,MCDONALDS,,SALES TAX,1.00,0.37,SALES TAX,,,a,2016-10-26 13:46:54
443,126-09-13,WALGREENS,04000050315,SNICKERS CRISPER,1.00,0.69,SNACKS,1.41OZ,,a,2016-10-26 13:47:28
444,126-09-13,WALGREENS,02720000175,PALL MALL ORANGE,1.00,4.63,CIGS,,,a,2016-10-26 13:47:46
445,126-09-13,WALGREENS,,SALES TAX,1.00,0.37,SALES TAX,,,a,2016-10-26 13:47:49
446,123-09-05,WALGREENS,02720000175,PALL MALL ORANGE,1.00,4.63,CIGS,,,a,2016-10-26 13:48:17
447,123-09-05,WALGREENS,01200015119,KICKSTART WATERMELON,1.00,1.89,DRINKS,12OZ,1,a,2016-10-26 13:48:37
448,123-09-05,WALGREENS,,SALES TAX,1.00,0.46,SALES TAX,,,a,2016-10-26 13:48:41
449,122-09-02,BURGER KING,,10 PIECE,1.00,1.49,FAST FOOD,,,a,2016-10-26 13:49:08
450,122-09-02,BURGER KING,,ONION RINGS,1.00,1.00,FAST FOOD,,,a,2016-10-26 13:49:19
451,122-09-02,BURGER KING,,SALES TAX,1.00,0.18,SALES TAX,,,a,2016-10-26 13:49:23
452,269-11-09,WALGREENS,02720000175,PALL MALL ORANGE,1.00,4.63,CIGS,,,a,2016-11-29 09:22:31
453,269-11-09,WALGREENS,,SALES TAX,1.00,0.32,SALES TAX,,,a,2016-11-29 09:22:39
455,270-11-21,WALGREENS,04300005133,COFFEE,1.00,8.99,DRINKS,,,a,2016-11-29 09:38:24
456,271-11-05,WALGREENS,02720000175,PALL MALL ORANGE,1.00,4.63,CIGS,,,a,2016-11-29 09:49:57
457,271-11-05,WALGREENS,,SALES TAX,1.00,0.32,SALES TAX,,,a,2016-11-29 09:50:03
458,273-11-21,CIRCLE K,,X-LARGE FOUNTAIN,1.00,0.79,DRINKS,42oz,,a,2016-11-29 16:38:08
459,273-11-21,CIRCLE K,,SALES TAX,1.00,0.06,SALES TAX,,,a,2016-11-29 16:38:14
460,274-11-22,WALGREENS,02720000175,PALL MALL ORANGE,1.00,4.63,CIGS,,,a,2016-11-29 17:49:10
461,274-11-22,WALGREENS,,SALES TAX,1.00,0.32,SALES TAX,,,a,2016-11-29 17:49:16
462,275-11-13,WALGREENS,02720034731,PALL MALL WHITE,1.00,4.63,CIGS,,,a,2016-11-29 17:54:12
463,275-11-13,WALGREENS,049002260228,WATER,2.00,1.00,DRINKS,23oz,1,a,2016-11-29 17:54:49
464,275-11-13,WALGREENS,,SALES TAX,1.00,0.32,SALES TAX,,,a,2016-11-29 17:55:04
465,276-11-04,LARGO MOBIL,,HONEY BUNS,2.00,1.50,SNACKS,,,a,2016-11-29 17:58:23
466,276-11-04,LARGO MOBIL,02720034731,PALL MALL WHITE,1.00,5.15,CIGS,,,a,2016-11-29 17:58:41
478,277-11-03,WALGREENS,034000007740,KIT KAT MIX,1.00,1.74,HOUSE SNACK,10.29OZ,,a,2016-11-29 18:30:53
476,277-11-03,WALGREENS,02800079969,BUTTERFINGER MIX,1.00,4.99,HOUSE SNACK,30OZ,,a,2016-11-29 18:29:57
477,277-11-03,WALGREENS,04000050692,3 MUSKETTER MIX,1.00,1.99,HOUSE SNACK,10.48OZ,,a,2016-11-29 18:30:28
479,277-11-03,WALGREENS,01200000134,DIET DEW,2.00,1.50,DRINKS,20OZ,,a,2016-11-29 18:33:03
480,277-11-03,WALGREENS,1002,CARD TO CASH,1.00,5.00,TRANSFER,,,a,2016-11-29 18:33:21
481,277-11-03,WALGREENS,,SALES TAX,1.00,0.82,SALES TAX,,,a,2016-11-29 18:33:27
482,283-11-07,WALGREENS,02720034731,PALL MALL WHITE,1.00,4.63,CIGS,,,a,2016-11-30 07:02:36
483,283-11-07,WALGREENS,,SALES TAX,1.00,0.32,SALES TAX,,,a,2016-11-30 07:02:42
484,282-10-26,QUENCH,,ALCOHOL,1.00,6.76,DRINKS,,,a,2016-11-30 07:03:50
485,282-10-26,QUENCH,,TIPS,1.00,5.00,DRINKS,,,a,2016-11-30 07:04:11
486,279-10-26,QUENCH,,ALCOHOL,1.00,27.74,DRINKS,,,a,2016-11-30 07:07:08
487,281-10-26,LARGO MOBIL,02820017706,MARL MNTH GLD,1.00,5.16,CIGS,,,a,2016-11-30 07:10:18
488,281-10-26,LARGO MOBIL,,TWIX,1.00,2.09,SNACKS,KINGSIZE,,a,2016-11-30 07:10:42
489,280-11-01,RALLY,,FOOD FOR FAMILY,3.00,3.00,FAST FOOD,,,a,2016-11-30 07:11:47
490,280-11-01,RALLY,,SALES TAX,1.00,0.63,SALES TAX,,,a,2016-11-30 07:11:58
491,284-11-01,WALGREENS,01200000134,DIEW DEW,2.00,1.50,DRINKS,20OZ,1,a,2016-11-30 07:13:45
492,284-11-01,WALGREENS,01200000746,DIET DEW,1.00,2.00,DRINKS,2L,,a,2016-11-30 07:13:58
493,284-11-01,WALGREENS,01200000231,DIET PEPSI,1.00,2.00,HOUSE SNACK,2L,1,a,2016-11-30 07:14:20
494,284-11-01,WALGREENS,,SALES TAX,1.00,0.49,SALES TAX,,,a,2016-11-30 07:14:27
495,285-11-30,WALGREENS,31191717901,PEROXIDE,1.00,1.79,HOUSE ITEM,32OZ,1,a,2016-11-30 15:49:26
496,285-11-30,WALGREENS,01200000134,DIEW DEW,2.00,1.50,DRINKS,20OZ,1,a,2016-11-30 15:49:42
497,285-11-30,WALGREENS,,SALES TAX,1.00,0.21,SALES TAX,,,a,2016-11-30 15:49:49
498,286-11-30,WALGREENS,02720034731,PALL MALL WHITE,1.00,4.71,CIGS,,,a,2016-11-30 15:50:33
499,286-11-30,WALGREENS,30521500700,Q-TIPS,1.00,3.99,HOUSE ITEM,,500,a,2016-11-30 15:50:56
500,286-11-30,WALGREENS,,SALES TAX,1.00,0.61,SALES TAX,,,a,2016-11-30 15:51:06
501,287-11-01,WINN DIXIE,,BREAD,2.00,1.00,GROCERIES,,1,a,2016-11-30 15:52:18
502,287-11-01,WINN DIXIE,,DRINK MIX,1.00,3.00,DRINKS,,,a,2016-11-30 15:53:19
503,287-11-01,WINN DIXIE,,SALES TAX,1.00,0.21,SALES TAX,,,a,2016-11-30 15:53:23
504,288-11-20,SAV-A-LOT,,DIET PEPSI,3.00,1.00,HOUSE SNACK,2L,1,a,2016-11-30 15:57:14
505,288-11-20,SAV-A-LOT,,DIET MOUNTAIN HOLLAR,2.00,2.50,DRINKS,12OZ,12,a,2016-11-30 15:57:57
506,288-11-20,SAV-A-LOT,,COOKIES,1.00,2.99,HOUSE SNACK,7.5OZ,12,a,2016-11-30 15:58:26
507,290-11-15,WALMART,007874209728,HOT DOG BUNS,1.00,1.25,GROCERIES,,8,a,2016-11-30 16:04:39
508,290-11-15,WALMART,007874206500,CHERRY POPTARTS,1.00,2.68,GROCERIES,,12,a,2016-11-30 16:04:58
509,290-11-15,WALMART,007874222375,HAMBURGER BUNS,1.00,1.25,GROCERIES,,8,a,2016-11-30 16:05:57
510,290-11-15,WALMART,000930000070,CHIPS,1.00,1.94,HOUSE SNACK,,,a,2016-11-30 16:06:19
511,290-11-15,WALMART,007874201228,BREAD,1.00,1.38,GROCERIES,,,a,2016-11-30 16:06:50
512,290-11-15,WALMART,007874206274,BREAD,1.00,1.58,GROCERIES,,,a,2016-11-30 16:07:02
513,291-11-23,SAV-A-LOT,,SALISBARY POT PIE,2.00,0.79,GROCERIES,7OZ,,a,2016-11-30 16:08:26
514,291-11-23,SAV-A-LOT,,BREAKFAST POT PIE,2.00,0.79,GROCERIES,7OZ,,a,2016-11-30 16:08:45
515,291-11-23,SAV-A-LOT,,CHICKEN POT PIE,2.00,0.79,GROCERIES,7OZ,,a,2016-11-30 16:09:05
516,291-11-23,SAV-A-LOT,,CINNAMON TOAST CRUNCH,1.00,1.79,GROCERIES,12.8OZ,1,a,2016-11-30 16:09:37
517,291-11-23,SAV-A-LOT,,SHRIMP RAMAN,1.00,0.99,GROCERIES,,,a,2016-11-30 16:10:08
518,291-11-23,SAV-A-LOT,,CHICKEN RAMAN,1.00,0.99,GROCERIES,18OZ,6,a,2016-11-30 16:10:35
519,291-11-23,SAV-A-LOT,,GROUND BEEF,1.00,7.95,GROCERIES,3LB,,a,2016-11-30 16:10:58
520,291-11-23,SAV-A-LOT,,BISCUITS,3.00,1.29,GROCERIES,16OZ,,a,2016-11-30 16:11:21
521,291-11-23,SAV-A-LOT,,HOTDOGS,1.00,3.99,GROCERIES,3LB,,a,2016-11-30 16:11:34
522,291-11-23,SAV-A-LOT,,GALLON MILK,1.00,2.69,GROCERIES,1GAL.,,a,2016-11-30 16:12:11
523,291-11-23,SAV-A-LOT,,CHIPS,1.00,1.69,GROCERIES,10OZ,,a,2016-11-30 16:12:39
524,291-11-23,SAV-A-LOT,,BOLOGNA,2.00,0.99,GROCERIES,16OZ,,a,2016-11-30 16:13:06
525,291-11-23,SAV-A-LOT,,TURKEY POT PIE,2.00,0.79,GROCERIES,7OZ,,a,2016-11-30 16:13:29
526,292-11-23,DOLLAR GENERAL,052110306251,WINDSHIELD WASH,1.00,2.50,TRUCK,1GAL,.,a,2016-11-30 16:14:44
527,292-11-23,DOLLAR GENERAL,430000449217,FLOOR CLEANER,1.00,2.95,HOUSE ITEM,,,a,2016-11-30 16:15:11
528,292-11-23,DOLLAR GENERAL,072392329922,STRBRY CRUSH MIX,1.00,1.00,DRINKS,,,a,2016-11-30 16:15:53
529,292-11-23,DOLLAR GENERAL,072392329915,ORNGE CRUSH MIX,1.00,1.00,DRINKS,,,a,2016-11-30 16:16:11
530,292-11-23,DOLLAR GENERAL,072392352265,STRBRY/LMNADE MIX,1.00,1.00,DRINKS,,,a,2016-11-30 16:16:35
531,292-11-23,DOLLAR GENERAL,841058005261,SHAVING CREAM,1.00,3.00,PERSONAL ITEM,,,a,2016-11-30 16:16:57
532,292-11-23,DOLLAR GENERAL,01780017509,DOG FOOD,1.00,13.95,PET,11LB,1,a,2016-11-30 16:17:27
533,292-11-23,DOLLAR GENERAL,072392329953,CHRY CRUSH MIX,1.00,1.00,DRINKS,,,a,2016-11-30 16:17:59
534,292-11-23,DOLLAR GENERAL,,SALES TAX,1.00,1.85,SALES TAX,,,a,2016-11-30 16:18:03
535,293-11-06,SAV-A-LOT,,RAVIOLI,1.00,0.69,GROCERIES,15OZ,,a,2016-11-30 16:19:13
536,293-11-06,SAV-A-LOT,,SALISBARY POT PIE,3.00,0.79,GROCERIES,7OZ,,a,2016-11-30 16:20:05
537,293-11-06,SAV-A-LOT,,POPTARTS,3.00,1.99,GROCERIES,22OZ,,a,2016-11-30 16:20:52
538,293-11-06,SAV-A-LOT,,BREAKFAST POT PIE,2.00,0.79,GROCERIES,7OZ,,a,2016-11-30 16:21:12
539,293-11-06,SAV-A-LOT,,BISCUITS,2.00,1.00,GROCERIES,10.2OZ,,a,2016-11-30 16:21:43
540,293-11-06,SAV-A-LOT,,CHOC DONUTS,2.00,1.50,SNACKS,11.5OZ,,a,2016-11-30 16:22:18
541,293-11-06,SAV-A-LOT,,CHICKEN POT PIE,1.00,0.79,GROCERIES,7OZ,,a,2016-11-30 16:22:40
542,293-11-06,SAV-A-LOT,,COOKIES,1.00,1.00,HOUSE SNACK,14OZ,,a,2016-11-30 16:23:01
543,293-11-06,SAV-A-LOT,,GRAVY,1.00,0.89,GROCERIES,15OZ,,a,2016-11-30 16:23:29
544,293-11-06,SAV-A-LOT,,BUTTER,1.00,2.99,GROCERIES,45OZ,,a,2016-11-30 16:23:50
545,293-11-06,SAV-A-LOT,,DIET DEW,1.00,1.59,DRINKS,20OZ,,a,2016-11-30 16:24:44
546,293-11-06,SAV-A-LOT,,DIET MOUNTAIN HOLLAR,1.00,0.79,DRINKS,2L,,a,2016-11-30 16:25:13
547,293-11-06,SAV-A-LOT,,EGGS,1.00,0.99,GROCERIES,,12,a,2016-11-30 16:25:24
548,293-11-06,SAV-A-LOT,,FRENCH STYLE GREEN BEANS,2.00,0.49,GROCERIES,14.5OZ,,a,2016-11-30 16:25:50
549,293-11-06,SAV-A-LOT,,POTATOES,1.00,1.89,GROCERIES,15.3OZ,,a,2016-11-30 16:26:06
550,293-11-06,SAV-A-LOT,,HONEY BUNS,1.00,1.00,SNACKS,9OZ,6,a,2016-11-30 16:26:38
551,293-11-06,SAV-A-LOT,,HOTDOGS,1.00,3.99,GROCERIES,3LB,,a,2016-11-30 16:26:43
552,293-11-06,SAV-A-LOT,,HOT DOG SAUCE,2.00,0.69,GROCERIES,10.5OZ,,a,2016-11-30 16:27:03
553,293-11-06,SAV-A-LOT,,OATMEAL CREAMPIES,1.00,1.00,HOUSE SNACK,14OZ,,a,2016-11-30 16:27:35
554,293-11-06,SAV-A-LOT,,GATORADE,2.00,1.00,HOUSE DRINKS,28OZ,,a,2016-11-30 16:28:00
555,293-11-06,SAV-A-LOT,,MAC BEEF CAN,1.00,0.69,GROCERIES,15OZ,,a,2016-11-30 16:28:37
556,293-11-06,SAV-A-LOT,,SPAGETTI SAUCE,2.00,0.99,GROCERIES,24OZ,,a,2016-11-30 16:28:54
557,293-11-06,SAV-A-LOT,,GALLON MILK,1.00,2.69,GROCERIES,1GAL,,a,2016-11-30 16:29:07
558,293-11-06,SAV-A-LOT,,BOLOGNA,2.00,0.99,GROCERIES,16OZ,,a,2016-11-30 16:29:31
559,293-11-06,SAV-A-LOT,,OATMEAL COOKIES,1.00,1.00,HOUSE SNACK,,,a,2016-11-30 16:29:59
560,293-11-06,SAV-A-LOT,,PORK CHOP,1.00,5.81,GROCERIES,,,a,2016-11-30 16:30:14
561,293-11-06,SAV-A-LOT,,SHRIMP RAMAN,2.00,0.99,GROCERIES,,,a,2016-11-30 16:30:27
562,293-11-06,SAV-A-LOT,,POTATOES,1.00,1.99,GROCERIES,32OZ,,a,2016-11-30 16:30:42
563,293-11-06,SAV-A-LOT,,MAC AND CHEESE,1.00,1.49,GROCERIES,12OZ,,a,2016-11-30 16:31:01
564,293-11-06,SAV-A-LOT,,LETTUCE,1.00,1.50,GROCERIES,8OZ,,a,2016-11-30 16:31:15
565,293-11-06,SAV-A-LOT,,SPAGHETTI,1.00,2.49,GROCERIES,48OZ,,a,2016-11-30 16:31:35
566,293-11-06,SAV-A-LOT,,SUGAR DONUT,1.00,1.50,HOUSE SNACK,10OZ,,a,2016-11-30 16:31:57
567,293-11-06,SAV-A-LOT,,CHEESE BAG,1.00,2.99,GROCERIES,12OZ,,a,2016-11-30 16:32:32
568,293-11-06,SAV-A-LOT,,PIZZA,1.00,5.99,GROCERIES,32OZ,,a,2016-11-30 16:32:58
569,293-11-06,SAV-A-LOT,,CRACKERS,1.00,1.00,SNACK,5.52OZ,,a,2016-11-30 16:33:17
570,293-11-06,SAV-A-LOT,,VEGATABLE OIL,1.00,1.88,GROCERIES,48OZ,,a,2016-11-30 16:33:40
571,293-11-06,SAV-A-LOT,,CANNED CORN,2.00,0.49,GROCERIES,15.25OZ,,a,2016-11-30 16:33:52
572,293-11-06,SAV-A-LOT,,MISC,1.00,-0.50,MISC,,,a,2016-11-30 16:34:03
573,294-11-30,WALGREENS,07585300107,KLONDIKE BARS,2.00,3.00,SNACKS,4.5OZ,4,a,2016-12-01 06:26:30
574,294-11-30,WALGREENS,,SALES TAX,1.00,0.42,SALES TAX,,,a,2016-12-01 06:26:36
575,295-11-06,WALGREENS,04902282203,TOILET PAPER,1.00,4.99,HOUSE ITEM,,12,a,2016-12-01 06:33:33
576,295-11-06,WALGREENS,09642340114,GROUND BEEF,1.00,2.99,GROCERIES,1LB,,a,2016-12-01 06:34:01
577,295-11-06,WALGREENS,02720034731,PALL MALL WHITE,1.00,4.63,CIGS,,,a,2016-12-01 06:34:16
578,295-11-06,WALGREENS,04902281173,PAPER TOWELS,1.00,4.99,HOUSE ITEM,,8,a,2016-12-01 06:34:49
579,295-11-06,WALGREENS,09642340114,GROUND BEEF,1.00,2.99,GROCERIES,1LB,,a,2016-12-01 06:36:58
580,295-11-06,WALGREENS,,SALES TAX,1.00,1.02,SALES TAX,,,a,2016-12-01 06:37:03
581,296-11-11,SAV-A-LOT,,DIET MOUNTAIN HOLLAR,2.00,0.79,DRINKS,2L,1,a,2016-12-01 06:37:38
582,296-11-11,SAV-A-LOT,,SALES TAX,1.00,0.12,SALES TAX,,,a,2016-12-01 06:37:50
583,297-11-20,WALGREENS,02720034731,PALL MALL WHITE,1.00,4.63,CIGS,,,a,2016-12-01 06:38:20
584,297-11-20,WALGREENS,01200000134,DIEW DEW,1.00,1.89,DRINKS,20OZ,,a,2016-12-01 06:38:30
585,297-11-20,WALGREENS,,SALES TAX,1.00,0.46,SALES TAX,,,a,2016-12-01 06:38:34
586,298-11-20,LARRY FINNEY,,UTILITY ROOM WORK,1.00,-120.00,ODD JOBS,,,a,2016-12-01 06:39:43
587,298-11-20,AMSCOT,,CHECK CASHING FEE,1.00,11.88,FINANCIAL FEE,,,a,2016-12-01 06:40:08
588,299-11-13,SAV-A-LOT,,DIET MOUNTAIN HOLLAR,1.00,-0.79,DRINKS,2L,1,a,2016-12-01 06:40:54
589,299-11-13,SAV-A-LOT,,GUMMY BEARS,1.00,-0.99,SNACKS,4.5OZ,,a,2016-12-01 06:41:19
590,300-11-13,SAV-A-LOT,,DIET MOUNTAIN HOLLAR,1.00,0.79,DRINKS,2L,1,a,2016-12-01 06:41:53
591,300-11-13,SAV-A-LOT,,GUMMY BEARS,1.00,0.99,SNACKS,4.5OZ,,a,2016-12-01 06:42:02
592,300-11-13,SAV-A-LOT,,SALES TAX,1.00,0.13,SALES TAX,,,a,2016-12-01 06:42:07
593,301-11-20,SUBWAY,,6&QUOT; CLUB SUB,1.00,7.35,FAST FOOD,,,a,2016-12-01 06:42:54
594,301-11-20,SUBWAY,,SALES TAX,1.00,0.51,SALES TAX,,,a,2016-12-01 06:42:59
595,302-11-08,SAV-A-LOT,,DIET MOUNTAIN HOLLAR,1.00,0.79,DRINKS,2L,1,a,2016-12-01 06:43:26
596,302-11-08,SAV-A-LOT,,SALES TAX,1.00,0.06,SALES TAX,,,a,2016-12-01 06:43:29
597,303-11-14,SAV-A-LOT,,CHEESE SQUARES,1.00,7.49,GROCERIES,48OZ,,a,2016-12-01 06:44:39
598,303-11-14,SAV-A-LOT,,BBQ PORK MEAL,1.00,3.99,GROCERIES,16OZ,,a,2016-12-01 06:44:52
599,303-11-14,SAV-A-LOT,,BLUEBERRY POPTARTS,1.00,1.99,GROCERIES,28OZ,12,a,2016-12-01 06:45:31
600,303-11-14,SAV-A-LOT,,CINNAMON POPTARTS,1.00,1.99,GROCERIES,22OZ,12,a,2016-12-01 06:45:47
601,303-11-14,SAV-A-LOT,,BREAKFAST POT PIE,2.00,0.79,GROCERIES,7OZ,1,a,2016-12-01 06:46:03
602,303-11-14,SAV-A-LOT,,CHOC DONUTS,1.00,1.50,SNACKS,11.5OZ,,a,2016-12-01 06:46:26
603,303-11-14,SAV-A-LOT,,CHOC CHIP CKIES,1.00,1.00,HOUSE SNACK,14OZ,,a,2016-12-01 06:47:13
604,303-11-14,SAV-A-LOT,,GRAVY MIX,2.00,0.50,GROCERIES,.87OZ,,a,2016-12-01 06:47:48
605,303-11-14,SAV-A-LOT,,MISC,1.00,1.29,GROCERIES,,,a,2016-12-01 06:48:05
606,303-11-14,SAV-A-LOT,,CHICKEN RAMAN,1.00,0.99,GROCERIES,18OZ,6,a,2016-12-01 06:48:22
608,303-11-14,SAV-A-LOT,,CORN DOGS,1.00,5.49,GROCERIES,40OZ,,a,2016-12-01 06:49:55
609,303-11-14,SAV-A-LOT,,PEANUT BUTTER,1.00,3.49,GROCERIES,40OZ,,a,2016-12-01 06:50:25
610,303-11-14,SAV-A-LOT,,CAPTAIN CRUNCH,1.00,2.79,GROCERIES,28OZ,,a,2016-12-01 06:50:56
611,303-11-14,SAV-A-LOT,,DIET MOUNTAIN HOLLAR,1.00,2.50,DRINKS,12OZ,12,a,2016-12-01 06:51:10
612,303-11-14,SAV-A-LOT,,DIET DEW,1.00,1.59,DRINKS,20OZ,,a,2016-12-01 06:51:32
613,303-11-14,SAV-A-LOT,,FRENCH STYLE GREEN BEANS,2.00,0.49,GROCERIES,14.5OZ,,a,2016-12-01 06:51:43
614,303-11-14,SAV-A-LOT,,FROSTED FLAKES,1.00,2.79,GROCERIES,28OZ,,a,2016-12-01 06:52:01
615,303-11-14,SAV-A-LOT,,GARLIC PEPPER,1.00,1.00,GROCERIES,2.5OZ,,a,2016-12-01 06:52:23
616,303-11-14,SAV-A-LOT,,HAMBURGER MEAT,1.00,4.46,GROCERIES,,,a,2016-12-01 06:52:50
617,303-11-14,SAV-A-LOT,,GROUND BEEF,1.00,7.95,GROCERIES,3LB,,a,2016-12-01 06:53:00
618,303-11-14,SAV-A-LOT,,BISCUITS,3.00,0.99,GROCERIES,16OZ,,a,2016-12-01 06:54:13
619,303-11-14,SAV-A-LOT,,HOT DOG SAUCE,2.00,0.69,GROCERIES,10.5OZ,,a,2016-12-01 06:54:25
620,303-11-14,SAV-A-LOT,,OATMEAL COOKIES,1.00,1.00,HOUSE SNACK,14OZ,,a,2016-12-01 06:54:39
621,303-11-14,SAV-A-LOT,,JELLY,1.00,1.69,GROCERIES,32OZ,,a,2016-12-01 06:54:50
622,303-11-14,SAV-A-LOT,,KETCHUP,1.00,6.99,GROCERIES,101OZ,2,a,2016-12-01 06:55:16
623,303-11-14,SAV-A-LOT,,LEMONADE MIX,1.00,1.29,DRINKS,1.40Z,,a,2016-12-01 06:55:35
624,303-11-14,SAV-A-LOT,,GALLON MILK,1.00,2.69,GROCERIES,128OZ,,a,2016-12-01 06:55:58
625,303-11-14,SAV-A-LOT,,PORK SAUSAGE,1.00,2.49,GROCERIES,16OZ,,a,2016-12-01 06:56:14
626,303-11-14,SAV-A-LOT,,FROZEN LASAGNA,1.00,4.99,GROCERIES,32OZ,,a,2016-12-01 06:56:33
627,303-11-14,SAV-A-LOT,,OATMEAL CREAMPIES,1.00,1.00,HOUSE SNACK,9.25OZ,,a,2016-12-01 06:56:56
628,303-11-14,SAV-A-LOT,,ORANGE CRISP,1.00,2.50,HOUSE DRINKS,12OZ,12,a,2016-12-01 06:57:08
629,303-11-14,SAV-A-LOT,,PARMESIAN CHEESE,1.00,2.99,GROCERIES,8OZ,,a,2016-12-01 06:57:28
630,303-11-14,SAV-A-LOT,,PEPSI,1.00,3.99,HOUSE DRINKS,12OZ,12,a,2016-12-01 06:57:50
631,303-11-14,SAV-A-LOT,,MISC,1.00,2.99,GROCERIES,,,a,2016-12-01 06:58:29
632,303-11-14,SAV-A-LOT,,ALFREDO SAUCE,1.00,1.69,GROCERIES,15OZ,,a,2016-12-01 06:58:51
633,303-11-14,SAV-A-LOT,,MAC AND CHEESE,2.00,1.49,GROCERIES,12OZ,,a,2016-12-01 06:59:08
634,303-11-14,SAV-A-LOT,,SAUSAGE LINK,1.00,1.99,GROCERIES,13OZ,,a,2016-12-01 06:59:27
635,303-11-14,SAV-A-LOT,,STAR CRUNCH,1.00,1.89,HOUSE SNACK,13OZ,,a,2016-12-01 06:59:49
636,303-11-14,SAV-A-LOT,,STROGANOFF HELPER,1.00,0.99,GROCERIES,5.6OZ,,a,2016-12-01 07:00:15
637,303-11-14,SAV-A-LOT,,STRAWBERRY POPTARTS,1.00,1.99,GROCERIES,22OZ,,a,2016-12-01 07:00:28
638,303-11-14,SAV-A-LOT,,SUGAR DONUT,1.00,1.50,HOUSE SNACK,10OZ,,a,2016-12-01 07:00:41
639,303-11-14,SAV-A-LOT,,SUGAR FREE SYRUP,1.00,1.49,GROCERIES,12OZ,,a,2016-12-01 07:00:55
640,303-11-14,SAV-A-LOT,,TACO CHEESE BAG,1.00,2.99,GROCERIES,12OZ,,a,2016-12-01 07:01:25
641,303-11-14,SAV-A-LOT,,BOLOGNA,1.00,0.99,GROCERIES,16OZ,,a,2016-12-01 07:01:38
642,303-11-14,SAV-A-LOT,,FROZEN PIZZA,1.00,5.99,GROCERIES,32OZ,,a,2016-12-01 07:01:52
643,303-11-14,SAV-A-LOT,,PEANUT BUTTER CRACKER,1.00,1.00,SNACKS,5.5OZ,,a,2016-12-01 07:02:12
644,303-11-14,SAV-A-LOT,,VANILLA PUDDING,2.00,0.50,HOUSE SNACK,3.4OZ,,a,2016-12-01 07:02:33
645,303-11-14,SAV-A-LOT,,CANNED CORN,2.00,0.49,GROCERIES,15.25OZ,,a,2016-12-01 07:02:44
646,303-11-14,SAV-A-LOT,,BLBRY PANCAKE MIX,1.00,1.79,GROCERIES,28OZ,,a,2016-12-01 07:07:27
647,303-11-14,SAV-A-LOT,,ORANGE DRINK MIX,1.00,1.29,DRINKS,1.3OZ,,a,2016-12-01 07:07:48
648,303-11-14,SAV-A-LOT,,MISC,1.00,1.00,MISC,,,a,2016-12-01 07:07:54
649,304-11-01,SAV-A-LOT,,COOKIES,1.00,0.49,SNACKS,2.12OZ,,a,2016-12-01 07:09:10
650,304-11-01,SAV-A-LOT,,CHICKEN POT PIE,2.00,0.79,GROCERIES,7OZ,,a,2016-12-01 07:09:24
651,304-11-01,SAV-A-LOT,,CHICKEN RAMAN,1.00,0.99,GROCERIES,18OZ,6,a,2016-12-01 07:09:34
652,304-11-01,SAV-A-LOT,,JELLY,1.00,1.69,GROCERIES,32OZ,,a,2016-12-01 07:09:42
653,304-11-01,SAV-A-LOT,,KETCHUP,1.00,0.89,GROCERIES,24OZ,,a,2016-12-01 07:09:53
654,304-11-01,SAV-A-LOT,,LIGHT RANCH,1.00,1.49,GROCERIES,16OZ,,a,2016-12-01 07:10:10
655,304-11-01,SAV-A-LOT,,SPAGETTI SAUCE,1.00,0.99,GROCERIES,24OZ,,a,2016-12-01 07:10:20
656,304-11-01,SAV-A-LOT,,HOTDOGS,1.00,0.88,GROCERIES,12OZ,,a,2016-12-01 07:10:41
657,304-11-01,SAV-A-LOT,,PEANUT BUTTER,1.00,1.69,GROCERIES,18OZ,,a,2016-12-01 07:10:57
658,304-11-01,SAV-A-LOT,,SHRIMP RAMAN,1.00,0.99,GROCERIES,,,a,2016-12-01 07:11:06
659,304-11-01,SAV-A-LOT,,MAC AND CHEESE,1.00,1.49,GROCERIES,12OZ,,a,2016-12-01 07:11:18
660,304-11-01,SAV-A-LOT,,BOLOGNA,1.00,0.99,GROCERIES,16OZ,,a,2016-12-01 07:11:32
661,304-11-01,SAV-A-LOT,,MUSTARD,1.00,0.79,GROCERIES,14OZ,,a,2016-12-01 07:11:46
662,305-10-26,CIRCLE K,,X-LARGE FOUNTAIN,1.00,0.79,DRINKS,42oz,,a,2016-12-01 07:12:37
663,305-10-26,CIRCLE K,,SALES TAX,1.00,0.06,SALES TAX,,,a,2016-12-01 07:12:41
664,307-11-02,LANDLORD,,RENT,1.00,1000.00,HOUSE BILL,,,a,2016-12-01 07:14:00
665,308-11-02,LARGO MOBIL,,LIGHTER,1.00,1.39,CIGS,,,a,2016-12-01 07:14:56
666,308-11-02,LARGO MOBIL,02720034731,PALL MALL WHITE,1.00,5.15,CIGS,,,a,2016-12-01 07:15:11
667,309-11-07,WALGREENS,07342000006,SOUR CREAM,1.00,0.99,GROCERIES,,,a,2016-12-01 07:16:16
668,310-10-30,WALGREENS,03400007740,KIT KAT,1.00,1.99,HOUSE SNACK,10.29OZ,,a,2016-12-01 07:17:13
669,310-10-30,WALGREENS,01200000134,DIEW DEW,1.00,1.89,DRINKS,20OZ,,a,2016-12-01 07:17:23
670,310-10-30,WALGREENS,,SALES TAX,1.00,0.38,SALES TAX,,,a,2016-12-01 07:17:28
671,311-11-27,MCDONALDS,,FRENCH FRIES,1.00,2.49,FAST FOOD,SMALL,,a,2016-12-01 07:18:29
672,311-11-27,MCDONALDS,,ICE CREAM,1.00,2.79,SNACKS,,,a,2016-12-01 07:18:44
673,311-11-27,MCDONALDS,,SALES TAX,1.00,0.37,SALES TAX,,,a,2016-12-01 07:18:48
674,312-11-27,WINN DIXIE,5230592375967,GREEN DOT FEE,1.00,4.95,FINANCE FEE,,,a,2016-12-01 07:25:07
675,312-11-27,WINN DIXIE,1001,CASH TO CARD,1.00,100.00,TRANSFER,,,a,2016-12-01 07:25:22
676,313-11-10,WALGREENS,61300872071,ARIZONA TEA,2.00,0.50,DRINKS,23OZ,,a,2016-12-01 07:26:04
677,313-11-10,WALGREENS,02720034731,PALL MALL WHITE,2.00,4.63,CIGS,,,a,2016-12-01 07:26:15
678,313-11-10,WALGREENS,,SALES TAX,1.00,0.61,SALES TAX,,,a,2016-12-01 07:26:29
679,314-09-27,PSTA,2001,BUS FARE,1.00,5.00,TRAVEL,,,a,2016-12-01 07:26:54
680,315-11-02,PSTA,2001,BUS FARE,1.00,5.00,TRAVEL,,,a,2016-12-01 07:27:17
681,316-11-04,PSTA,2001,BUS FARE,1.00,5.00,TRAVEL,,,a,2016-12-01 07:27:42
682,306-11-02,ROOMMATES,,RENT,1.00,-1000.00,HOUSE BILL,,,a,2016-12-01 07:29:56
687,324-12-01,WALGREENS,02720034731,PALL MALL WHITE,1.00,4.71,CIGS,,,a,2016-12-01 13:13:37
688,324-12-01,WALGREENS,,SALES TAX,1.00,0.33,SALES TAX,,,a,2016-12-01 13:13:43
689,325-11-27,WALGREENS,02720034731,PALL MALL WHITE,1.00,4.63,CIGS,,,a,2016-12-01 13:14:21
690,325-11-27,WALGREENS,03500074541,TOOTHPASTE,1.00,3.99,PERSONAL ITEM,5.8OZ,,a,2016-12-01 13:14:42
691,325-11-27,WALGREENS,,SALES TAX,1.00,0.60,SALES TAX,,,a,2016-12-01 13:14:47
692,326-12-01,SAV-A-LOT,,DIET MOUNTAIN HOLLAR,1.00,2.50,DRINKS,12OZ,12,a,2016-12-01 13:15:55
693,326-12-01,SAV-A-LOT,,ORANGE CRISP,1.00,2.50,HOUSE DRINKS,12OZ,12,a,2016-12-01 13:16:03
694,326-12-01,SAV-A-LOT,,DIET PEPSI,1.00,3.99,HOUSE SNACK,12OZ,12,a,2016-12-01 13:16:27
695,326-12-01,SAV-A-LOT,,DIEW DEW,1.00,1.59,DRINKS,20OZ,,a,2016-12-01 13:16:39
696,326-12-01,SAV-A-LOT,,JALEPENO MUSTARD,1.00,0.99,GROCERIES,12OZ,,a,2016-12-01 13:16:55
697,326-12-01,SAV-A-LOT,,SPAGETTI SAUCE,1.00,0.99,GROCERIES,24OZ,,a,2016-12-01 13:17:06
698,326-12-01,SAV-A-LOT,,CODE RED,1.00,1.59,DRINKS,20OZ,,a,2016-12-01 13:17:21
699,326-12-01,SAV-A-LOT,,CANNED CORN,2.00,0.49,GROCERIES,15.25OZ,,a,2016-12-01 13:17:31
700,326-12-01,SAV-A-LOT,,MUSTARD,1.00,0.79,GROCERIES,14OZ,,a,2016-12-01 13:17:43
701,326-12-01,SAV-A-LOT,,SALES TAX,1.00,0.86,SALES TAX,,,a,2016-12-01 13:17:49
702,327-12-01,CRACKER BARREL,,PAYCHECK,1.00,-139.86,PAYROLL,,,a,2016-12-01 13:22:31
703,328-12-01,DUKE ENERGY,,ELECTRIC BILL,1.00,130.00,HOUSE BILL,,,a,2016-12-01 13:23:16
869,462-12-10,PARK PLACE 16,,THE ARRIVAL,1.00,22.50,ENTERTAINMENT,,,a,2016-12-11 06:41:21
782,403-12-04,CRACKER BARREL,,TIPS,1.00,-94.00,TIPS,,,a,2016-12-04 15:00:53
783,404-12-04,PERSONAL,,THC,1.00,50.00,HOUSE ITEM,,,a,2016-12-04 15:03:46
784,406-12-05,DOMINOS,,PIZZA,1.00,30.00,HOUSE FOOD,,,a,2016-12-05 06:44:09
785,407-12-04,CIRCLE K,,MARL NXT,1.00,4.62,CIGS,,,a,2016-12-05 06:46:38
786,407-12-04,CIRCLE K,,DONUTS,1.00,3.77,SNACK,,,a,2016-12-05 06:47:33
787,407-12-04,CIRCLE K,,Sales Tax,1.00,0.33,Taxes,,,a,2016-12-05 06:47:40
788,408-12-05,CRACKER BARREL,,TIPS,1.00,-74.00,TIPS,,,a,2016-12-06 05:40:41
789,409-12-05,CIRCLE K,,DONUTS,1.00,2.18,SNACK,,,a,2016-12-06 05:41:19
790,410-12-05,CIRCLE K,,MARL NXT,1.00,4.62,CIGS,,,a,2016-12-06 05:41:48
791,410-12-05,CIRCLE K,,Sales Tax,1.00,0.33,Taxes,,,a,2016-12-06 05:41:52
792,411-12-05,WALGREENS,88600250651,COOKIES,1.00,2.50,HOUSE SNACK,8OZ,8,a,2016-12-06 05:42:36
793,411-12-05,WALGREENS,88600250653,COOKIES,1.00,2.50,HOUSE SNACK,8OZ,8,a,2016-12-06 05:43:13
794,411-12-05,WALGREENS,04902275688,FROSTED ANIMAL COOKIES,1.00,1.99,HOUSE SNACK,1,14OZ,a,2016-12-06 05:43:46
795,412-12-05,POPEYES,,FRIED CHICKEN,1.00,26.99,HOUSE FOOD,,12 PIECE,a,2016-12-06 05:47:37
796,412-12-05,POPEYES,,Sales Tax,1.00,1.89,Taxes,,,a,2016-12-06 05:47:41
797,413-12-05,PERSONAL,,CARD TO CASH,1.00,8.88,TRANSFER,,,a,2016-12-06 05:51:15
768,394-12-01,CRACKER BARREL,9999,TIPS,1.00,-52.00,TIPS,,,a,2016-12-03 10:06:48
769,395-12-02,PERSONAL,,SAVINGS TO CASH,1.00,5.00,TRANSFER,,,a,2016-12-03 10:07:52
770,396-12-02,WALGREENS,02720034731,PALL MALL WHITE,1.00,4.71,CIGS,,,a,2016-12-03 10:23:02
771,396-12-02,WALGREENS,,Sales Tax,1.00,0.33,Taxes,,,a,2016-12-03 10:23:07
772,397-12-01,ROOMMATES,,RENT,1.00,-1000.00,HOUSE BILL,,,a,2016-12-03 10:24:10
773,398-12-01,LANDLORD,,RENT,1.00,1000.00,HOUSE BILL,,,a,2016-12-03 10:24:43
774,399-12-01,CIRCLE K,,WHITE CHOC REECES,1.00,1.49,SNACKS,REGULAR,,a,2016-12-03 10:25:38
775,399-12-01,CIRCLE K,04767747420,FOUNTAIN,1.00,0.79,DRINKS,42OZ,,a,2016-12-03 10:25:59
776,399-12-01,CIRCLE K,,Sales Tax,1.00,0.16,Taxes,,,a,2016-12-03 10:26:10
777,400-12-02,TACO BELL,,HOUSE MEAL,1.00,16.47,FAST FOOD,,,a,2016-12-03 10:27:03
778,400-12-02,TACO BELL,,Sales Tax,1.00,1.16,Taxes,,,a,2016-12-03 10:27:08
779,401-12-03,DOLLAR GENERAL,,TOILET PAPER,1.00,4.99,HOUSE ITEM,,12,a,2016-12-04 06:04:50
780,401-12-03,DOLLAR GENERAL,,Sales Tax,1.00,0.10,Taxes,,,a,2016-12-04 06:04:54
781,402-12-03,CRACKER BARREL,,TIPS,1.00,-37.00,TIPS,,,a,2016-12-04 06:05:12
826,443-12-07,CRACKER BARREL,2010,TIPS,1.00,-81.00,TIPS,,,a,2016-12-07 20:10:52
827,444-12-07,WINN DIXIE,,COOKIES,1.00,5.00,HOUSE SNACK,,,a,2016-12-07 20:11:56
828,444-12-07,WINN DIXIE,,ALEVE,1.00,5.99,HOUSE ITEM,,20,a,2016-12-07 20:12:14
829,445-12-07,WINN DIXIE,,CASH TO CARD,1.00,70.00,TRANSFER,,,a,2016-12-07 20:15:10
830,445-12-07,WINN DIXIE,,FINANCE FEE,1.00,2.99,FINANCE FEE,,,a,2016-12-07 20:15:34
831,446-12-07,CIRCLE K,,DONUTS,1.00,2.18,SNACK,,,a,2016-12-07 20:20:48
832,446-12-07,CIRCLE K,,CRACKERS,1.00,0.79,SNACK,,,a,2016-12-07 20:21:15
833,447-12-06,SAV-A-LOT,,BLUEBERRY POPTARTS,1.00,1.79,GROCERIES,22OZ,,a,2016-12-07 20:22:53
834,447-12-06,SAV-A-LOT,,SALISBARY POT PIE,1.00,0.79,GROCERIES,7OZ,,a,2016-12-07 20:23:03
835,447-12-06,SAV-A-LOT,,CINNAMON TOAST CRUNCH,1.00,1.79,GROCERIES,12.8OZ,1,a,2016-12-07 20:23:13
836,447-12-06,SAV-A-LOT,,BREAKFAST POT PIE,1.00,0.79,GROCERIES,7OZ,,a,2016-12-07 20:23:24
837,447-12-06,SAV-A-LOT,,BREAD,1.00,1.29,GROCERIES,,,a,2016-12-07 20:23:39
838,447-12-06,SAV-A-LOT,,CHICKEN POT PIE,1.00,0.79,GROCERIES,7OZ,,a,2016-12-07 20:23:52
839,447-12-06,SAV-A-LOT,,CINNAMON POPTARTS,1.00,1.79,GROCERIES,22OZ,,a,2016-12-07 20:24:34
840,447-12-06,SAV-A-LOT,,DIET MOUNTAIN HOLLAR,1.00,2.50,DRINKS,12OZ,12,a,2016-12-07 20:24:43
841,447-12-06,SAV-A-LOT,001200081011,DIET PEPSI,1.00,3.99,HOUSE DRINKS,12OZ,12PK,a,2016-12-07 20:24:59
842,447-12-06,SAV-A-LOT,,GROUND BEEF,1.00,7.95,GROCERIES,3LB,,a,2016-12-07 20:25:10
843,447-12-06,SAV-A-LOT,,JELLY,1.00,1.69,GROCERIES,32OZ,,a,2016-12-07 20:25:23
844,447-12-06,SAV-A-LOT,,ORANGE CRISP,1.00,2.50,HOUSE DRINKS,12OZ,12,a,2016-12-07 20:25:29
845,447-12-06,SAV-A-LOT,,STRAWBERRY POPTARTS,1.00,1.99,GROCERIES,22OZ,,a,2016-12-07 20:25:40
846,447-12-06,SAV-A-LOT,,BLUEBERRY POPTARTS,1.00,0.20,GROCERIES,22OZ,,a,2016-12-07 20:26:41
847,447-12-06,SAV-A-LOT,,CINNAMON POPTARTS,1.00,0.20,GROCERIES,22OZ,,a,2016-12-07 20:26:50
848,447-12-06,SAV-A-LOT,,Sales Tax,1.00,0.63,Taxes,,,a,2016-12-07 20:26:54
849,448-12-07,WALGREENS,02820017706,MARL MNTH GLD,1.00,4.86,CIGS,,,a,2016-12-07 20:28:34
850,448-12-07,WALGREENS,07726006175,CARAMEL BROWNIE SANTA,3.00,0.66,SNACKS,,,a,2016-12-07 20:29:01
851,448-12-07,WALGREENS,,Sales Tax,1.00,0.50,Taxes,,,a,2016-12-07 20:29:13
852,449-12-06,POPEYES,,FINANCE FEE,1.00,1.00,FINANCE FEE,,,a,2016-12-07 20:32:29
853,450-12-06,DUKE ENERGY,,ELECTRIC BILL,1.00,75.00,HOUSE BILL,,,a,2016-12-07 20:33:52
854,450-12-06,DUKE ENERGY,,ELECTRIC BILL CC FEE,1.00,2.20,FINANCE FEE,,,a,2016-12-07 20:34:14
855,451-12-06,NETSPEND,,TRANSACTION FEE,1.00,1.00,FINANCE FEE,,,a,2016-12-07 20:35:11
856,452-12-06,DUKE ENERGY,,ELECTRIC BILL,1.00,4.00,HOUSE BILL,,,a,2016-12-07 20:35:54
857,454-12-08,CRACKER BARREL,,PAYCHECK,1.00,-31.26,PAYROLL,,,a,2016-12-08 05:38:53
858,455-12-07,WALGREENS,02720034731,PALL MALL WHITE,1.00,4.71,CIGS,,,a,2016-12-08 05:40:43
859,455-12-07,WALGREENS,,Sales Tax,1.00,0.33,Taxes,,,a,2016-12-08 05:40:47
860,456-12-08,CIRCLE K,,FUEL,1.00,15.00,TRUCK,,7.177,a,2016-12-08 06:14:05
861,456-12-08,CIRCLE K,,DONUTS,1.00,3.18,SNACK,,,a,2016-12-08 06:14:22
862,457-12-08,CRACKER BARREL,2010,TIPS,1.00,-52.00,TIPS,,,a,2016-12-10 05:50:50
863,458-12-09,CHILIS,,PERSONAL MEAL,1.00,22.00,DINING OUT,,,a,2016-12-10 05:51:49
864,458-12-09,CHILIS,,TIP,1.00,8.00,DINING OUT,,,a,2016-12-10 05:51:59
865,459-12-09,WALGREENS,02820017706,MARL MNTH GLD,1.00,4.86,CIGS,,,a,2016-12-10 05:52:53
866,459-12-09,WALGREENS,,Sales Tax,1.00,0.34,Taxes,,,a,2016-12-10 05:52:56
867,460-12-08,RALLY,,FOOD FOR FAMILY,1.00,19.65,FAST FOOD,,,a,2016-12-10 05:53:59
870,463-12-10,PARK PLACE 16,,FOOD,1.00,36.00,DINING OUT,,,a,2016-12-11 06:41:45
871,464-12-10,PARK PLACE 16,,POPCORN,1.00,13.00,SNACKS,,,a,2016-12-11 06:42:06
872,465-12-10,WALGREENS,03400034324,HERSHEY COOKIE CRUNCH,1.00,0.89,SNACKS,REGULAR,,a,2016-12-11 06:43:54
873,465-12-10,WALGREENS,02720034731,PALL MALL WHITE,1.00,4.63,CIGS,,,a,2016-12-11 06:44:03
874,465-12-10,WALGREENS,02720034731,PALL MALL WHITE,1.00,0.08,CIGS,,,a,2016-12-11 06:44:25
875,465-12-10,WALGREENS,,Sales Tax,1.00,0.39,Taxes,,,a,2016-12-11 06:44:30
876,466-11-28,WALGREENS,61200872071,ARIZONA TEA,2.00,0.50,DRINKS,23OZ,,a,2016-12-11 06:45:53
877,466-11-28,WALGREENS,03400045118,REECES CLUSTERS,1.00,3.00,HOUSE SNACK,8OZ,,a,2016-12-11 06:46:17
878,466-11-28,WALGREENS,03400022527,KIT KAT BAG,1.00,3.00,HOUSE SNACKS,8OZ,,a,2016-12-11 06:46:37
879,466-11-28,WALGREENS,02720034731,PALL MALL WHITE,1.00,4.71,CIGS,,,a,2016-12-11 06:46:52
880,466-11-28,WALGREENS,,Sales Tax,1.00,0.73,Taxes,,,a,2016-12-11 06:46:59
881,467-12-08,REDBOX,,FF XV,1.00,3.21,ENTERTAINMENT,,,a,2016-12-11 06:52:52
882,468-12-08,NETSPEND,,TRANS FEE,1.00,1.00,FINANCE FEE,,,a,2016-12-11 06:53:15
